tier,segment,segment_name,market_role,market_metro,name,city,state,rating,reviews,relevance_score,status,website,phone,address,editorial_summary,google_primary_type,query_angle,company_id
1,bachelorette-planner,Bachelorette Party Planners & Concierges,feeder,atlanta,Beat The Bomb Atlanta,Atlanta,GA,5,12064,70,prospect,https://www.beatthebomb.com/locations/atlanta,(518) 207-9440,"1483 Chattahoochee Ave NW, Atlanta, GA 30318, USA",,,,fed4dca1-cb17-4ee8-a477-1e6b03ac1340
1,bachelorette-planner,Bachelorette Party Planners & Concierges,feeder,atlanta,Sandbox VR,Atlanta,GA,4.9,10271,70,prospect,https://sandboxvr.com/atlanta,(470) 731-8119,"1115 Howell Ml Rd P180, Atlanta, GA 30318, USA",,,,b66b4c96-ade4-492e-9f44-f46c207951e2
1,bachelorette-planner,Bachelorette Party Planners & Concierges,feeder,nashville,Sprocket Rocket Party Bike,Nashville,TN,5,7151,70,prospect,https://sprockettours.com/,(615) 707-1368,"535 Lafayette St, Nashville, TN 37203, USA",,,,a60da90d-956a-450d-9472-dacde5a9c8ac
1,bachelorette-planner,Bachelorette Party Planners & Concierges,feeder,houston,Trill On Wheels Hip-Hop Party Bike,Houston,TX,4.9,5019,70,prospect,https://trillonwheels.com/,(832) 205-8423,"3900 Almeda Rd, Houston, TX 77004, USA",,,,aa125053-d9e6-4d64-96d6-392bb4618692
1,bachelorette-planner,Bachelorette Party Planners & Concierges,feeder,new_orleans,Gray Line New Orleans,New Orleans,LA,4.9,4608,70,prospect,http://www.graylineneworleans.com/,(504) 569-1401,"400 Toulouse St, New Orleans, LA 70130, USA",,,,2c872f08-5a90-4871-8bef-13c357138f8d
1,bachelorette-planner,Bachelorette Party Planners & Concierges,feeder,new_orleans,"Tastebud Tours, The French Quarter's Signature Food/History & Cocktail Experiences in New Orleans",New Orleans,LA,5,4250,70,prospect,https://tastebudtours.com/,(504) 377-6601,"2649 Desoto St, New Orleans, LA 70119, USA",,,,b3947489-b5ca-4185-ba1f-14c1c78f24e0
1,bachelorette-planner,Bachelorette Party Planners & Concierges,feeder,new_orleans,City Sightseeing New Orleans,New Orleans,LA,4.8,4074,70,prospect,http://www.citysightseeingneworleans.com/,(800) 362-1811,"700 Decatur St, New Orleans, LA 70116, USA",,,,cf405115-50df-4fad-a8f6-6e9fb8c0b45b
1,bachelorette-planner,Bachelorette Party Planners & Concierges,feeder,new_orleans,Nola Party Barge - Swamp Tour Party Boat,New Orleans,LA,4.9,3538,70,prospect,https://www.nolapartybarges.com/,(504) 264-1056,"2101 Paris Rd, New Orleans, LA 70129, USA",,,,14155dca-350c-45be-a481-1f6fa89b666d
1,bachelorette-planner,Bachelorette Party Planners & Concierges,feeder,houston,AffordableTours.Com,Sugar Land,TX,4.8,3404,70,prospect,http://www.affordabletours.com/,(800) 935-2620,"12808 W Airport Blvd Suite 205, Sugar Land, TX 77478, USA",,,,59641b9a-872f-47e9-acd0-6dc925b08a60
1,bachelorette-planner,Bachelorette Party Planners & Concierges,feeder,nashville,Honky Tonk Party Express Bus,Nashville,TN,4.8,3388,70,prospect,http://www.honkytonkpartyexpress.com/,(615) 433-5594,"1343 Lewis St, Nashville, TN 37210, USA",,,,021cd4e9-e764-4861-b792-41de46f92beb
1,bachelorette-planner,Bachelorette Party Planners & Concierges,feeder,birmingham,Breakout Games,Homewood,AL,4.9,3314,70,prospect,https://www.breakoutgames.com/birmingham?utm_source=google&utm_medium=organic&utm_campaign=gmb-birmingham,(205) 282-4798,"2717 19th Pl S, Homewood, AL 35209, USA",,,,cf38ad64-172a-45fa-99aa-2007d13367fc
1,bachelorette-planner,Bachelorette Party Planners & Concierges,feeder,atlanta,InterContinental Buckhead Atlanta by IHG,Atlanta,GA,4.4,3125,70,prospect,https://www.ihg.com/intercontinental/hotels/us/en/atlanta/atlbh/hoteldetail?cm_mmc=GoogleMaps-_-IC-_-US-_-ATLBH,(404) 946-9000,"3315 Peachtree Rd NE, Atlanta, GA 30326, USA",,,,c394f76b-cd51-4e73-885c-16cb194dcb42
1,bachelorette-planner,Bachelorette Party Planners & Concierges,feeder,new_orleans,Crawl New Orleans,New Orleans,LA,5,2518,70,prospect,https://crawlneworleans.com/,(504) 338-5390,"1130 Decatur St Suite C, New Orleans, LA 70116, USA",,,,2bc5dc50-591e-4133-b2f9-ed5f344df7cd
1,bachelorette-planner,Bachelorette Party Planners & Concierges,feeder,nashville,Big Drag Bus (Nashville Party Bus),Nashville,TN,5,2197,70,prospect,https://www.bigdragbus.com/,(629) 333-2525,"1517 Church St, Nashville, TN 37203, USA",,,,38e22692-61b3-464c-925a-47dae317ae24
1,bachelorette-planner,Bachelorette Party Planners & Concierges,feeder,atlanta,Red Phone Booth,Atlanta,GA,4.9,1788,70,prospect,https://www.redphonebooth.com/locations/ga/buckhead?utm_source=google&utm_medium=organic&utm_campaign=gbp-buckhead&utm_content=website_link,(470) 348-5767,"3242 Peachtree Rd, Atlanta, GA 30305, USA",,,,8cf38b94-7844-4bdd-baa8-6d8376bb5edb
1,bachelorette-planner,Bachelorette Party Planners & Concierges,feeder,nashville,A Little Local Flavor - Nashville Food Tours,Nashville,TN,5,1597,70,prospect,https://www.alittlelocalflavor.com/,(615) 815-1388,"309 Church St #505, Nashville, TN 37201, USA",,,,35d7a177-415f-419e-8423-260dfe832e32
1,bachelorette-planner,Bachelorette Party Planners & Concierges,feeder,new_orleans,Unique NOLA Tours,New Orleans,LA,5,1412,70,prospect,https://uniquenola.com/,(504) 777-7769,"815 Toulouse St, New Orleans, LA 70112, USA",,,,e4b3fffa-e533-4ecc-aaeb-47346fa5628f
1,bachelorette-planner,Bachelorette Party Planners & Concierges,feeder,dallas,Dallas Party Bike,Dallas,TX,5,1381,70,prospect,https://www.dallaspartybike.com/,(214) 414-3891,"3909 Elm St, Dallas, TX 75226, USA",,,,53c2c620-6cca-4696-bbb1-fc38595e9787
1,bachelorette-planner,Bachelorette Party Planners & Concierges,feeder,new_orleans,VIP City Tours,New Orleans,LA,4.9,1380,70,prospect,http://www.vipcitytours.com/,(504) 329-2489,"839 Chartres St, New Orleans, LA 70116, USA",,,,ae8de21f-3456-4e86-8135-5f662ede8d67
1,bachelorette-planner,Bachelorette Party Planners & Concierges,feeder,new_orleans,New Orleans Kayak Swamp Tours,New Orleans,LA,4.9,1363,70,prospect,http://www.neworleanskayakswamptours.com/,(504) 571-9975,"740 N Rampart St, New Orleans, LA 70116, USA",,,,f7d27c4e-891b-4b8b-801b-7eca7f40ffb2
1,bachelorette-planner,Bachelorette Party Planners & Concierges,feeder,nashville,Rowdy Bus Tours,Nashville,TN,4.9,1215,70,prospect,https://rowdybus.com/?utm_source=google&utm_medium=organic&utm_campaign=GBP,(615) 212-8869,"1343 Lewis St, Nashville, TN 37210, USA",,,,9d8172c1-468d-467c-b928-bb82272b9ae5
1,bachelorette-planner,Bachelorette Party Planners & Concierges,feeder,nashville,Upstage Party Bus,Nashville,TN,4.9,1178,70,prospect,https://www.upstagepartybus.com/,(615) 801-4155,"833 Hawkins St, Nashville, TN 37210, USA",,,,5187f6d6-6d48-459e-a37a-fc3033a11be7
1,bachelorette-planner,Bachelorette Party Planners & Concierges,feeder,atlanta,Unexpected Atlanta Tours and Gifts,Atlanta,GA,5,1093,70,prospect,https://unexpectedatlanta.com/,(470) 223-2203,"235 Peachtree Rd NE Suite 400, Atlanta, GA 30303, USA",,,,d64ef960-b8f1-4bcb-899f-9ece4385a5df
1,bachelorette-planner,Bachelorette Party Planners & Concierges,feeder,new_orleans,New Orleans Legendary Walking Tours,New Orleans,LA,4.8,973,70,prospect,https://www.neworleanslegendarywalkingtours.com/,(504) 503-0199,"941 Decatur St, New Orleans, LA 70116, USA",,,,f86fcd9f-dcd8-46a8-a841-92dc4fad53ab
1,bachelorette-planner,Bachelorette Party Planners & Concierges,feeder,nashville,"Nashville Tours - Ghost Tours, Speakeasy Tours, and Bus Tours",Nashville,TN,5,972,70,prospect,https://gonashvilletours.com/,(615) 673-4235,"604 Dr. M.L.K. Jr Blvd, Nashville, TN 37219, USA",,,,c3fd02d6-7ec4-4c00-94e4-abc88c3308ad
1,bachelorette-planner,Bachelorette Party Planners & Concierges,feeder,houston,Houston Party Barge,Seabrook,TX,4.9,956,70,prospect,https://www.houstonpedalbarge.com/,(832) 974-0365,"2511 E NASA Pkwy #101, Seabrook, TX 77586, USA",,,,3b87ae70-6c5a-4451-ad9c-efca609b41f8
1,bachelorette-planner,Bachelorette Party Planners & Concierges,feeder,nashville,Mint Julep Experiences - Nashville,Nashville,TN,5,923,70,prospect,https://mintjuleptours.com/nashville?utm_source=google&utm_medium=organic&utm_campaign=GMB2026_Nash,(615) 436-0187,"308 Rep. John Lewis Way S, Nashville, TN 37203, USA",,,,d01cb0b9-d48d-48c9-b53f-e4eb77c34931
1,bachelorette-planner,Bachelorette Party Planners & Concierges,feeder,atlanta,Hunk-O-Mania Entertainment LLC,Atlanta,GA,4.9,847,70,prospect,https://hunkomanianyc.com/atlanta-male-strip-club.html,(678) 528-8511,"2847 Buford Hwy NE, Atlanta, GA 30329, USA",,,,20f0916d-465e-40ea-bdce-91be5bc6e02c
1,bachelorette-planner,Bachelorette Party Planners & Concierges,feeder,atlanta,ATL-Cruzers Electric Car and Segway Tours,Atlanta,GA,4.9,798,70,prospect,http://www.atlcruzers.com/,(404) 492-7009,"160 Ted Turner Dr NW, Atlanta, GA 30303, USA",,,,2be57918-701c-4134-9f38-504449d4e6a0
1,bachelorette-planner,Bachelorette Party Planners & Concierges,local,30a,30A Beach Girls,Panama City Beach,FL,4.9,760,80,prospect,http://30a-beachgirls.com/,(850) 849-1323,"17747 Ashley Dr Unit A, Panama City Beach, FL 32413, USA",,,,77649c0e-a346-4af8-b13c-f72f7602a313
1,bachelorette-planner,Bachelorette Party Planners & Concierges,feeder,birmingham,Fairytale Journeys Travel,Jackson's Gap,AL,5,757,70,prospect,https://fairytalejourneys.com/,(888) 500-1218,"141 Oaks Point, Jackson's Gap, AL 36861, USA",,,,db1433d4-f26a-490d-ba20-a1fea426afd9
1,bachelorette-planner,Bachelorette Party Planners & Concierges,feeder,new_orleans,Two Chicks Walking Tours,New Orleans,LA,5,707,70,prospect,https://www.twochickswalkingtours.com/?utm_source=gmb,(504) 975-4386,"1128 Josephine St, New Orleans, LA 70130, USA",,,,1c349aa6-d6f2-4490-badb-6ef11c212f0f
1,bachelorette-planner,Bachelorette Party Planners & Concierges,feeder,new_orleans,New Orleans Secrets Tours,New Orleans,LA,4.9,698,70,prospect,http://www.nosecretstours.com/?utm_%20source=GMBlisting&utm_medium=organic,(504) 517-5397,"717 Toulouse St, New Orleans, LA 70130, USA",,,,6c1d8cac-023e-4731-9083-d26791e14990
1,bachelorette-planner,Bachelorette Party Planners & Concierges,feeder,new_orleans,Nola Tour Guy,New Orleans,LA,4.9,621,70,prospect,http://www.nolatourguy.com/,(504) 300-9489,"2454 N Galvez St, New Orleans, LA 70117, USA",,,,613496b9-3aa0-4d06-8a8b-5ead989810b7
1,bachelorette-planner,Bachelorette Party Planners & Concierges,feeder,atlanta,"The Dinner Detective True Crime Murder Mystery Dinner Show - Atlanta, GA",Atlanta,GA,4.7,607,70,prospect,https://www.thedinnerdetective.com/atlanta/schedule/,(866) 496-0535,"6345 Powers Ferry Rd NW NE, Atlanta, GA 30339, USA",,,,867a52b3-af80-4db6-b76c-85bae379d261
1,bachelorette-planner,Bachelorette Party Planners & Concierges,feeder,new_orleans,Travel Central,Metairie,LA,4.9,533,70,prospect,http://www.travelcentralvacations.com/?utm_campaign=gmb&utm_medium=maps&utm_source=google&utm_term=gmb,(504) 834-7000,"3017 12th Street @, Ridgelake Dr, Metairie, LA 70002, USA",,,,69380a57-5e46-42aa-aad5-c58a1b212a14
1,bachelorette-planner,Bachelorette Party Planners & Concierges,feeder,dallas,Pedal Pub Dallas,Dallas,TX,5,518,70,prospect,https://www.pedalpub.com/dallas-tx/,(972) 850-0484,"2633 McKinney Ave Suite 130-175, Dallas, TX 75204, USA",,,,36108929-c1e6-44ae-846b-e5c44b922cd2
1,bachelorette-planner,Bachelorette Party Planners & Concierges,feeder,new_orleans,Treme Luxury Experience Tours,New Orleans,LA,5,488,70,prospect,http://www.tremeluxuryexperience.com/,(504) 512-6085,"701 N Rampart St, New Orleans, LA 70116, USA",,,,43eac5d4-92f5-43f8-b6bc-bfddc1b65a3d
1,bachelorette-planner,Bachelorette Party Planners & Concierges,feeder,houston,Modern Travelworks | Modern Destination Weddings,Houston,TX,4.9,433,70,prospect,https://modern.travel/,(832) 369-2828,"1011 Hwy 6, Houston, TX 77077, USA",,,,8601f131-3f72-42f0-bc27-12c3b506e198
1,bachelorette-planner,Bachelorette Party Planners & Concierges,feeder,nashville,Nashville Party Barge,Nashville,TN,4.9,427,70,prospect,http://www.nashvillepartybarge.com/,(615) 422-7077,"1343 Lewis St, Nashville, TN 37210, USA",,,,133b582f-05b3-418d-aaa1-615b20178662
1,bachelorette-planner,Bachelorette Party Planners & Concierges,feeder,atlanta,Pop the Cork Wine Tours,Atlanta,GA,4.9,415,70,prospect,http://www.popthecorkwinetours.com/,(404) 433-2956,"1100 Peachtree St NE, Atlanta, GA 30309, USA",,,,d961fdc1-64a1-4a76-8c70-847f532a5391
1,bachelorette-planner,Bachelorette Party Planners & Concierges,feeder,nashville,Ranch Hands Cowboylesque,Nashville,TN,4.9,404,70,prospect,https://www.ranchhandscowboylesque.com/,(615) 649-9555,"500 Cowan St, Nashville, TN 37207, USA",,,,a38bc8a1-5d16-4d14-97fc-aab0d2b0f868
1,bachelorette-planner,Bachelorette Party Planners & Concierges,feeder,atlanta,Imagine Going There Travel,Marietta,GA,5,402,70,prospect,http://www.imaginegoingthere.com/,(770) 421-9627,"3600 Dallas Hwy suite 230-215, Marietta, GA 30064, USA",,,,5978c69e-d991-4ba3-bd64-e4a6d2d6f9ce
1,bachelorette-planner,Bachelorette Party Planners & Concierges,feeder,birmingham,Wishes Travel,Birmingham,AL,5,301,70,prospect,https://www.wishestravel.com/,(205) 201-9503,"8255 Castlehill Rd, Birmingham, AL 35242, USA",,,,2a2d2e68-9208-42e0-8279-964e9cd629f0
1,bachelorette-planner,Bachelorette Party Planners & Concierges,local,30a,Destin Wedding Company,Destin,FL,4.7,298,80,prospect,http://www.destinweddingcompany.com/,(850) 502-0085,"160 Azalea Dr, Destin, FL 32541, USA",,,,63ed5127-322e-4305-af77-c5d19791e010
1,bachelorette-planner,Bachelorette Party Planners & Concierges,feeder,new_orleans,Tours By Isabelle,New Orleans,LA,5,295,70,prospect,http://www.toursbyisabelle.com/,(504) 398-0365,"12601 River Rd, New Orleans, LA 70131, USA",,,,b87707d6-f962-4e6a-97d9-129a63641714
1,bachelorette-planner,Bachelorette Party Planners & Concierges,feeder,atlanta,Fur Bus,Marietta,GA,5,292,70,prospect,http://furbus.com/,(404) 467-7773,"839 Pickens Industrial Dr N E, Marietta, GA 30062, USA",,,,60f898ba-1d6b-4aef-9cde-395b83cbd796
1,bachelorette-planner,Bachelorette Party Planners & Concierges,feeder,houston,Party Bus Lounge,Houston,TX,4.5,291,70,prospect,https://www.partybuslounge.com/,(713) 322-8998,"5718 Westheimer Rd, Houston, TX 77057, USA",,,,0d050f33-1c44-4aff-8555-eb8747af34e3
1,bachelorette-planner,Bachelorette Party Planners & Concierges,feeder,atlanta,The Dirty Tea,Atlanta,GA,4.4,289,70,prospect,https://thedirtytea.com/,(404) 748-9736,"1056 St Charles Ave NE, Atlanta, GA 30306, USA",,,,4bf59534-75de-44f7-b7f1-bd0dc99f0d6a
1,bachelorette-planner,Bachelorette Party Planners & Concierges,feeder,new_orleans,New Orleans Party Boats,New Orleans,LA,5,285,70,prospect,,(504) 264-6046,"2360 N Villere St, New Orleans, LA 70117, USA",,,,59e69669-121c-40c3-8da0-778d65383b1a
1,bachelorette-planner,Bachelorette Party Planners & Concierges,feeder,new_orleans,A Pair of Ears Travel,Thibodaux,LA,5,281,70,prospect,https://www.apairofearstravel.com/,(985) 859-8583,"313 College Ln, Thibodaux, LA 70301, USA",,,,9be865b2-483f-4c69-9912-0f2f1f5f50fc
1,bachelorette-planner,Bachelorette Party Planners & Concierges,feeder,new_orleans,Adventures in New Orleans,New Orleans,LA,4.2,250,70,prospect,http://www.neworleansadventuretours.com/,(504) 523-9745,"414 Canal St, New Orleans, LA 70130, USA",,,,59241942-8da0-497e-b84e-a1308e9ceef5
1,bachelorette-planner,Bachelorette Party Planners & Concierges,feeder,new_orleans,All Bout Dat Tours LLC,New Orleans,LA,5,232,70,prospect,http://www.allboutdat.com/,(504) 457-9439,"2523 Bayou Rd, New Orleans, LA 70119, USA",,,,7944492e-04b1-42fa-bfad-2a6d26b585ec
1,bachelorette-planner,Bachelorette Party Planners & Concierges,feeder,atlanta,Hip Hop Tours of Atlanta,Atlanta,GA,5,229,70,prospect,https://www.hiphoptoursofatlanta.com/book-online,(678) 896-5663,"1197 Peachtree St NE, Atlanta, GA 30361, USA",,,,91e4992b-a52a-4311-a34a-bb41fa3469cb
1,bachelorette-planner,Bachelorette Party Planners & Concierges,feeder,houston,Deco Art Event Planners,Houston,TX,4.9,228,70,prospect,http://facebook.com/decoarteventplanners.,(281) 827-4420,"6666 Harwin Dr. Suite 650, Houston, TX 77036, USA",,,,1e408b41-5283-44f2-8ee8-0f0b11554ed5
1,bachelorette-planner,Bachelorette Party Planners & Concierges,feeder,birmingham,Birmingham Tree House,Birmingham,AL,5,226,70,prospect,https://www.birminghamtreehouse.com/?utm_source=google&utm_medium=wix_google_business_profile&utm_campaign=18047351135545330264,(205) 902-1120,"1309 19th St S, Birmingham, AL 35205, USA",,,,039e855e-642c-424f-bcea-41e1850e2a4c
1,bachelorette-planner,Bachelorette Party Planners & Concierges,feeder,birmingham,Creative Entertainment,Birmingham,AL,5,224,70,prospect,http://cebham.com/,(205) 754-9430,"1601 5th Ave N Suite 108, Birmingham, AL 35203, USA",,,,faae64bf-6f98-4173-ae46-56d70ad4454d
1,bachelorette-planner,Bachelorette Party Planners & Concierges,feeder,nashville,Nashville Private Tours,Nashville,TN,5,220,70,prospect,https://www.nashvilleprivatetour.com/,(615) 364-2259,"901 Shauna Dr, Nashville, TN 37214, USA",,,,ff00af1c-70dc-4507-add2-4c036904879d
1,bachelorette-planner,Bachelorette Party Planners & Concierges,feeder,atlanta,(Stripper Delivery) MC Entertainment & Services LLC,Decatur,GA,4.9,211,70,prospect,http://www.mcentertainment.org/,(678) 768-3611,"1999 Barberrie Ln, Decatur, GA 30032, USA",,,,40a923f8-99ea-42b5-a451-8fd2ae7ec3e1
1,bachelorette-planner,Bachelorette Party Planners & Concierges,feeder,houston,I’ll Drink To That! - Houston Mobile Bar,Humble,TX,4.9,202,70,prospect,https://www.illdrinktothat.net/,(832) 373-6486,"16834 Lantana Valley Pl, Humble, TX 77346, USA",,,,29d8d6a9-cd14-4a7e-9e9d-935890360e0e
1,bachelorette-planner,Bachelorette Party Planners & Concierges,feeder,dallas,Mom Approved Travel,,TX,4.8,191,70,prospect,https://www.momapprovedtravel.com/,(281) 744-5538,"20419 Stone Falls Ct, Cypress, TX 77433, USA",,,,8df25f46-826b-4fe0-bc43-4a7c602f07fc
1,bachelorette-planner,Bachelorette Party Planners & Concierges,feeder,dallas,Rambling Roadster Party Bus,Dallas,TX,4.9,187,70,prospect,http://www.ramblingroadster.com/,(214) 235-4780,"2019 Allen St, Dallas, TX 75204, USA",,,,e63021e5-1a92-45c9-84dc-722e264a73d7
1,bachelorette-planner,Bachelorette Party Planners & Concierges,local,30a,Crystal Beach Weddings,Miramar Beach,FL,4.7,180,80,prospect,http://www.crystalbeachweddings.com/,(850) 520-0000,"136 S Holiday Rd, Miramar Beach, FL 32550, USA",,,,decee298-0dff-442f-a44b-4c75ed85b0a2
1,bachelorette-planner,Bachelorette Party Planners & Concierges,feeder,atlanta,Premier Private Rides,Atlanta,GA,5,178,70,prospect,https://premierprivaterides.com/,(678) 496-7532,"552 Ponce De Leon Ave NE STE B, Atlanta, GA 30308, USA",,,,2178d667-b906-4731-b9bb-83d62cec1d18
1,bachelorette-planner,Bachelorette Party Planners & Concierges,feeder,houston,Enchanting Engagements Houston,Houston,TX,5,175,70,prospect,https://enchantingengagements.co/houston-marriage-proposal-packages/,(929) 538-5255,"7017 Almeda Rd, Houston, TX 77054, USA",,,,76566fa7-80f0-4832-8531-ce2b2cc7a7f7
1,bachelorette-planner,Bachelorette Party Planners & Concierges,feeder,new_orleans,Trixie Minx Productions and Trixie's Burlesque Boutique,New Orleans,LA,5,174,70,prospect,https://www.trixieminx.com/,(504) 975-1245,"834 Chartres St, New Orleans, LA 70117, USA",,,,a31c16eb-c748-420e-80c2-485e70f245b6
1,bachelorette-planner,Bachelorette Party Planners & Concierges,feeder,birmingham,Birmingham Pedal Tours,Birmingham,AL,4.8,172,70,prospect,http://www.birminghampedaltours.com/,(205) 304-8687,"2201 2nd Ave S #106, Birmingham, AL 35233, USA",,,,540fb639-169d-40a6-a7f5-b4c1aebdc065
1,bachelorette-planner,Bachelorette Party Planners & Concierges,feeder,houston,Events & Adventures Houston,Houston,TX,3.8,170,70,prospect,http://eventsandadventures.com/,(800) 386-0866,"8588 Katy Fwy #104, Houston, TX 77024, USA",,,,ac75eda6-b8fe-429e-ad23-f042e174ad52
1,bachelorette-planner,Bachelorette Party Planners & Concierges,feeder,new_orleans,New Orleans Native Tours llc,New Orleans,LA,4.9,168,70,prospect,https://www.neworleansnativetours.com/,(855) 968-8687,"839 Chartres St, New Orleans, LA 70116, USA",,,,5ac145d0-2acf-401c-bb81-62a19dff09f5
1,bachelorette-planner,Bachelorette Party Planners & Concierges,feeder,dallas,Events & Adventures Dallas,Dallas,TX,3.6,162,70,prospect,http://www.eventsandadventures.com/,(800) 386-0866,"15400 Knoll Trail Dr #111, Dallas, TX 75248, USA",,,,77fbf08f-2671-4c05-83ce-c565bec0fadf
1,bachelorette-planner,Bachelorette Party Planners & Concierges,feeder,houston,Access Houston,Houston,TX,4.8,162,70,prospect,http://accesshtx.net/,(346) 744-7373,"1770 Saint James Place, Houston, TX 77056, USA",,,,d4b359c5-3a00-4368-ba86-d67779f7f8f9
1,bachelorette-planner,Bachelorette Party Planners & Concierges,feeder,new_orleans,Soul of NOLA Private Tours of New Orleans,New Orleans,LA,5,160,70,prospect,http://www.neworleansprivatetours.net/,(504) 905-4999,"3210 St Peter St, New Orleans, LA 70119, USA",,,,8e5c490e-f53d-4e39-bb25-5feb1c4e30f7
1,bachelorette-planner,Bachelorette Party Planners & Concierges,local,30a,We Own South Beach Concierge,Miami Beach,FL,5,159,80,prospect,http://weownsouthbeach.com/,(954) 394-9299,"529 W 41st St #444, Miami Beach, FL 33140, USA",,,,9039a986-2fa5-4e0e-b349-7e8f83a493d4
1,bachelorette-planner,Bachelorette Party Planners & Concierges,local,30a,Rosemary Beach®,Alys Beach,FL,3.9,158,80,prospect,https://www.rosemarybeach.com/,(866) 348-8952,"78 N Barrett Square APT B, Alys Beach, FL 32461, USA",,,,b32a4820-feb7-4a96-aab8-b1d4ad5b5c68
1,bachelorette-planner,Bachelorette Party Planners & Concierges,feeder,atlanta,Trendy Fun Party,Atlanta,GA,5,156,70,prospect,http://trendyfunparty.com/,(404) 432-2198,"2255 Cumberland Pkwy SE Building 1600,Suite#200, Atlanta, GA 30339, USA",,,,28bdf31f-ad92-451e-988d-63df3f1d9aa6
1,bachelorette-planner,Bachelorette Party Planners & Concierges,feeder,nashville,Southern Events Party Rental Company,Franklin,TN,4.9,150,70,prospect,https://www.southerneventsonline.com/,(615) 595-8508,"101 Alpha Dr, Franklin, TN 37064, USA",,,,294bd357-9804-4291-9bd0-998753d24ee1
1,bachelorette-planner,Bachelorette Party Planners & Concierges,local,30a,SunQuest Cruises SOLARIS Yacht | Destin Florida Wedding Venue,Miramar Beach,FL,4.3,149,80,prospect,http://www.sunquestcruises.com/,(850) 650-2519,"9300 US-98, Miramar Beach, FL 32550, USA",,,,a4347647-5fb1-4912-8e7d-647e29d38447
1,bachelorette-planner,Bachelorette Party Planners & Concierges,feeder,birmingham,Pinspiration Birmingham,Birmingham,AL,4.9,143,70,prospect,https://www.pinspiration.com/locations/birmingham/,(205) 874-6193,"201 Cahaba Park Cir #500/600, Birmingham, AL 35242, USA",,,,41983e71-b192-49b1-8cbd-52852f87fedc
1,bachelorette-planner,Bachelorette Party Planners & Concierges,feeder,nashville,"You Can Fly Travels, LLC",Gallatin,TN,5,141,70,prospect,http://www.youcanflytravels.com/,(877) 968-3598,"Gallatin, TN 37066, USA",,,,1b5eb490-c3bf-4c14-8e8e-8e97243f1b96
1,bachelorette-planner,Bachelorette Party Planners & Concierges,feeder,houston,River Oaks Travel Agency,Houston,TX,4.9,138,70,prospect,https://riveroakstravelagency.com/,(713) 665-4767,"2415 W Alabama St Suite 203, Houston, TX 77098, USA",,,,ecf6d3f5-13c5-45a4-bb69-4459a1348ae5
1,bachelorette-planner,Bachelorette Party Planners & Concierges,feeder,dallas,"LET SPARKS FLY, LLC",DeSoto,TX,4.8,136,70,prospect,https://www.letsparksfly.net/,(866) 512-2019,"1301 E Parkerville Rd Ste A8 # 1045, DeSoto, TX 75115, USA",,,,20cf120a-eac5-498c-844b-1b225d7ec550
1,bachelorette-planner,Bachelorette Party Planners & Concierges,feeder,houston,Cool Bus Houston,Houston,TX,4.9,135,70,prospect,https://coolbushouston.com/,(713) 805-2690,"10102 Moorberry Ln, Houston, TX 77080, USA",,,,84ca4ceb-1109-4f05-a33e-0a2943890fad
1,bachelorette-planner,Bachelorette Party Planners & Concierges,feeder,atlanta,House Of BASH,Alpharetta,GA,4.8,132,70,prospect,https://houseofbash.net/,(678) 910-3166,"1815 Hembree Rd #410, Alpharetta, GA 30009, USA",,,,c9bd45fe-d17d-4a34-b871-3a8bbc1e154f
1,bachelorette-planner,Bachelorette Party Planners & Concierges,feeder,new_orleans,NOLA Tours,New Orleans,LA,4.9,130,70,prospect,https://nolatours.com/,(504) 355-1213,"2727 Prytania St, New Orleans, LA 70130, USA",,,,12a8f493-d0e2-4a70-a64d-0d0cb523a7be
1,bachelorette-planner,Bachelorette Party Planners & Concierges,feeder,atlanta,Bussing Loose Karaoke Party Bus,Atlanta,GA,5,126,70,prospect,http://bussingloose.com/,(404) 740-7999,"1700 Northside Dr NW Suite A7 PMB 2546, Atlanta, GA 30318, USA",,,,d1de6bdf-beac-470e-a846-a05e04541d23
1,bachelorette-planner,Bachelorette Party Planners & Concierges,feeder,nashville,Tasty Tour,Nashville,TN,5,125,70,prospect,http://trytastytour.com/,(615) 336-6678,"do not meet here, 5049 Trousdale Dr, Nashville, TN 37220, USA",,,,24329cd0-8bdd-4f38-95a5-d9dd52bebd80
1,bachelorette-planner,Bachelorette Party Planners & Concierges,feeder,atlanta,Blue Pineapple Travel,Marietta,GA,5,123,70,prospect,https://bluepineappletravel.com/,,"74 Black St, Marietta, GA 30060, USA",,,,8e22dffe-546e-4147-aa6a-bdcfe4ce3e3b
1,bachelorette-planner,Bachelorette Party Planners & Concierges,local,30a,Seashell Wedding Company,Destin,FL,4.7,117,80,prospect,https://seashellweddingco.com/,(850) 276-2802,"856 Harbor Blvd, Destin, FL 32541, USA",,,,c0c65b0d-b2b5-4358-817b-b658b87d123d
1,bachelorette-planner,Bachelorette Party Planners & Concierges,feeder,dallas,Vincent Vacations,Dallas,TX,4.9,117,70,prospect,https://www.vincentvacations.com/travel-agency-dallas,(214) 997-4480,"1341 W Mockingbird Ln Suit 600W, Dallas, TX 75247, USA",,,,6eb340d2-c099-43d6-b6d5-ec57c3f27d51
1,bachelorette-planner,Bachelorette Party Planners & Concierges,feeder,dallas,TopShot Events LLC,Dallas,TX,4.9,116,70,prospect,http://www.topshot-events.com/,(469) 560-5560,"8330 Lyndon B Johnson Fwy Suite B610, Dallas, TX 75243, USA",,,,36ad2286-4d93-4298-a2ed-32d95cf524a4
1,bachelorette-planner,Bachelorette Party Planners & Concierges,feeder,nashville,Haven Escape Travel,Franklin,TN,5,114,70,prospect,http://www.havenescapetravel.com/,(615) 300-0550,"440 Pearre Springs Way, Franklin, TN 37064, USA",,,,7325c124-e223-476c-a66a-7295c6a50521
1,bachelorette-planner,Bachelorette Party Planners & Concierges,local,30a,"Très CHIC Event Planning & Design - Miramar, FL",Miramar,FL,5,111,80,prospect,https://treschiceventplanning.com/,(954) 517-1818,"18741 SW 39th Ct, Miramar, FL 33029, USA",,,,fd409039-0080-44ce-809c-afbc31f51809
1,bachelorette-planner,Bachelorette Party Planners & Concierges,feeder,houston,Pedal Party Houston,Houston,TX,4.3,111,70,prospect,http://www.pedalpartyhouston.com/,(832) 429-6977,"2000 Edwards St B, Houston, TX 77007, USA",,,,49ae425e-3526-4ce5-854d-0250c64b0597
1,bachelorette-planner,Bachelorette Party Planners & Concierges,feeder,new_orleans,"TRACEY NICOLL'S LIMOUSINE & HUMMER RENTALS IN NEW ORLEANS - Kenner, Louisiana",New Orleans,LA,4.9,110,70,prospect,https://www.neworleanshummerlimousine.com/,(504) 258-7799,"4200 Euphrosine St, New Orleans, LA 70125, USA",,,,b2abab7d-fa5b-45a6-a5fb-2b21d04b0b26
1,bachelorette-planner,Bachelorette Party Planners & Concierges,feeder,dallas,Double Blessing Events LLC,Dallas,TX,4.9,110,70,prospect,http://www.doubleblessingevents.com/,(214) 773-5887,"350 North St. Paul Street, Dallas, TX 75201, USA",,,,7e142814-a282-4c88-895c-528711f515ab
1,bachelorette-planner,Bachelorette Party Planners & Concierges,feeder,atlanta,Pure Party Bus,Mableton,GA,4.7,108,70,prospect,https://purepartybus.com/,(888) 487-5992,"1000 Veterans Memorial Hwy SW, Mableton, GA 30126, USA",,,,dab7e8e9-8752-44ab-a658-a4264c7bde65
1,bachelorette-planner,Bachelorette Party Planners & Concierges,feeder,nashville,Take My Hand Proposals,Nashville,TN,5,108,70,prospect,http://www.takemyhandproposals.com/,(615) 852-6791,"3706 Hillsboro Pike, Nashville, TN 37215, USA",,,,3d4eb901-b2bf-4497-a079-67afd7fe7a47
1,bachelorette-planner,Bachelorette Party Planners & Concierges,feeder,new_orleans,NOLA DMC,New Orleans,LA,5,108,70,prospect,https://www.noladmc.com/?utm_source=google&utm_medium=gbph&utm_campaign=nola&utm_term=organictraffic,(504) 267-0662,"3715 Iberville St, New Orleans, LA 70119, USA",,,,c9c57b88-5e85-4fa0-81d1-f20191fa4fdf
1,bachelorette-planner,Bachelorette Party Planners & Concierges,feeder,houston,Your Personal Travel Agent with Dream Vacations,Houston,TX,4.9,107,70,prospect,https://yourpersonaltravelagent.campsite.bio/,(713) 322-5946,"BY APPOINTMENT ONLY, 8990 Kirby Dr Ste. 220, Houston, TX 77054, USA",,,,1bc97668-a12d-4400-8185-f577bf1e624e
1,bachelorette-planner,Bachelorette Party Planners & Concierges,feeder,atlanta,Southern Culinary Tours,Atlanta,GA,4.8,106,70,prospect,https://southernculinarytours.com/,(404) 590-5278,"781 Peachtree St NE, Atlanta, GA 30308, USA",,,,b45186d6-42a4-4388-8b06-11078d6502b5
1,bachelorette-planner,Bachelorette Party Planners & Concierges,feeder,atlanta,Legendary Strikes Mobile Bowling & Gaming Truck,Atlanta,GA,4.7,106,70,prospect,https://legendarystrikes.com/,,"2002 Summit Blvd NE, Atlanta, GA 30319, USA",,,,2ca5f191-1ce1-4fd1-8c6f-9ddf98298267
1,bachelorette-planner,Bachelorette Party Planners & Concierges,feeder,birmingham,Bham Eat Drink Ride Party Bus Food Tour,Birmingham,AL,4.7,106,70,prospect,https://comediennejoy.com/,(205) 482-6999,"Milo’s, 208 State Farm Pkwy, Birmingham, AL 35209, USA",,,,b2e881ef-743e-4a9a-b447-274516765ced
1,bachelorette-planner,Bachelorette Party Planners & Concierges,feeder,nashville,Southwestern Travel,Nashville,TN,4.5,106,70,prospect,http://southwesterntravel.com/,(800) 222-4441,"2451 Atrium Way, Nashville, TN 37214, USA",,,,82a1e64d-f6f3-4ecc-b0d4-cd72fe44e876
1,bachelorette-planner,Bachelorette Party Planners & Concierges,feeder,birmingham,Birmingham Ghosts: Ghost Tours and Haunted Pub Crawls,Birmingham,AL,4.9,104,70,prospect,https://usghostadventures.com/birmingham-ghost-tour/?utm_medium=organic&utm_source=google&utm_campaign=gmb_birmingham,(205) 774-3231,"Linn Park, 20th St N, Birmingham, AL 35203, USA",,,,35b3bc68-5ce1-45f4-90aa-51c8a6b4b96d
1,bachelorette-planner,Bachelorette Party Planners & Concierges,feeder,dallas,Keestone Events,Dallas,TX,5,104,70,prospect,https://keestoneevents.com/,(469) 322-9470,"2431 Shorecrest Dr Suite C4, Dallas, TX 75235, USA",,,,0457b98e-4d50-44b0-92a7-c0932550f758
1,bachelorette-planner,Bachelorette Party Planners & Concierges,feeder,atlanta,GoGo Party Bus - World's Premier Party Bus Rentals,Mableton,GA,4.8,101,70,prospect,http://www.gogopartybus.com/,(770) 672-0351,"97 Veterans Memorial Hwy SE, Mableton, GA 30126, USA",,,,8d5db6a8-8f5d-4438-a565-651d32ee2baf
1,bachelorette-planner,Bachelorette Party Planners & Concierges,feeder,dallas,Campbell Travel,Dallas,TX,4.9,101,70,prospect,http://www.campbelltravel.com/,(972) 850-2201,"5050 Quorum Dr Ste 700, Dallas, TX 75254, USA",,,,5e3a50a5-4211-4bdd-9e10-d6cf51fe13a8
1,bachelorette-planner,Bachelorette Party Planners & Concierges,local,30a,Mingle 30A,Santa Rosa Beach,FL,5,100,80,prospect,http://www.mingle30a.com/,(850) 399-4040,"66 Gordonia Wy Suite 200, Santa Rosa Beach, FL 32459, USA",,,,166498de-f8a2-45b7-a436-254716c1e49e
1,bachelorette-planner,Bachelorette Party Planners & Concierges,local,30a,Lady Ashley Party Planning,Boca Raton,FL,5,100,80,prospect,http://ladyashleypartyplanning.com/?utm_source=gmb&utm_medium=referral,(561) 542-2296,"17734 Raintree Terrace, Boca Raton, FL 33487, USA",,,,af15f5d5-2e96-402f-9d32-69051bea98dc
1,bachelorette-planner,Bachelorette Party Planners & Concierges,local,30a,Perfectly Planned Events LLC,Panama City,FL,5,98,80,prospect,http://perfectlyplannedeventsllc.com/,(850) 366-2522,"1813 E 5th St, Panama City, FL 32401, USA",,,,5af41ffd-16d4-48f9-9af6-0325569a6a97
1,bachelorette-planner,Bachelorette Party Planners & Concierges,feeder,atlanta,"Exclusive Dates, LLC",Atlanta,GA,4.9,96,70,prospect,http://www.myexclusivedates.com/,(404) 446-1070,"3379 Peachtree Rd NE #555, Atlanta, GA 30326, USA",,,,0591e2d2-c4e0-405e-bcf3-69c37aa4c104
1,bachelorette-planner,Bachelorette Party Planners & Concierges,feeder,dallas,PartyGeenius Party Boutique & Balloon Bar,Dallas,TX,4.9,96,70,prospect,https://www.partygeenius.com/,(469) 248-2877,"3401 Main St suite a, Dallas, TX 75226, USA",,,,61197b3b-5ef6-4bef-8cab-76ea0811f91f
1,bachelorette-planner,Bachelorette Party Planners & Concierges,feeder,birmingham,Adventures By Ellen - Dream Vacations,Birmingham,AL,5,94,70,prospect,https://ebryant.dreamvacations.com/,(205) 862-0811,"By Appt Only, 4900 Sicard Hollow Rd, Birmingham, AL 35242, USA",,,,1e2b2b13-80b9-4169-9ffe-87463f3d3dbc
1,bachelorette-planner,Bachelorette Party Planners & Concierges,local,30a,Amore Beach Weddings,Miramar Beach,FL,4.5,93,80,prospect,http://bchwed.com/,(850) 347-5656,"11275 US-98 Suite 6-222, Miramar Beach, FL 32550, USA",,,,eea7a4df-1c1f-4b2d-aa40-188c846dbed4
1,bachelorette-planner,Bachelorette Party Planners & Concierges,feeder,nashville,Bevē Curated,Nashville,TN,5,92,70,prospect,http://www.bevecurated.com/,(629) 245-2515,"1504 Demonbreun St, Nashville, TN 37203, USA",,,,6e89b4ce-d598-47d0-8248-9a5d42fe2e44
1,bachelorette-planner,Bachelorette Party Planners & Concierges,local,30a,30A Luxury Vacations,,FL,4.5,91,80,prospect,https://www.30aluxuryvacations.com/?utm_source=google&utm_medium=organic&utm_campaign=local,(850) 745-2951,"10952 E County Hwy 30A D, Inlet Beach, FL 32461, USA",,,,1c014c79-0786-4148-a734-2eca5465cf9d
1,bachelorette-planner,Bachelorette Party Planners & Concierges,feeder,atlanta,Laura Burchfield Events,Atlanta,GA,5,90,70,prospect,https://lauraburchfieldevents.com/,(770) 262-3245,"1054 St Charles Ave NE, Atlanta, GA 30306, USA",,,,48d4ec1d-72f1-4f28-82ec-18a476f9fd14
1,bachelorette-planner,Bachelorette Party Planners & Concierges,feeder,atlanta,"In An Instant, LLC",Woodstock,GA,5,87,70,prospect,http://www.inaninstantevents.com/,(678) 910-9093,"902 W Oaks Dr, Woodstock, GA 30188, USA",,,,25562fe4-5add-437e-bb38-053ab9717a94
1,bachelorette-planner,Bachelorette Party Planners & Concierges,local,30a,Beach Beginnings,Panama City Beach,FL,4.8,86,80,prospect,https://beachbeginnings.com/,(850) 596-2319,"91 Windridge Ct, Panama City Beach, FL 32413, USA",,,,31f4a255-55f5-44a0-a2ca-0cfc0a2c33ae
1,bachelorette-planner,Bachelorette Party Planners & Concierges,local,30a,Forever I Do Weddings,Fort Walton Beach,FL,4.8,85,80,prospect,http://www.foreveridoweddings.com/,(850) 314-9448,"436a Racetrack Rd NW, Fort Walton Beach, FL 32547, USA",,,,62efda31-fa83-467b-8333-e20c9c870c85
1,bachelorette-planner,Bachelorette Party Planners & Concierges,feeder,dallas,Got Your Bash - Party Planning Company,Carrollton,TX,4.4,85,70,prospect,http://gotyourbash.com/,,"2611 Westgrove Dr Suite 113, Carrollton, TX 75006, USA",,,,ed929333-4737-498c-8659-6729ebe2b101
1,bachelorette-planner,Bachelorette Party Planners & Concierges,feeder,houston,Travel Spectrum,Stafford,TX,4.8,81,70,prospect,http://www.travelspectrumonline.com/,(281) 491-0903,"4800 Sugar Grove Blvd Suite 142, Stafford, TX 77477, USA",,,,33725d6f-3cd5-4ac2-a51b-675e54c333cd
1,bachelorette-planner,Bachelorette Party Planners & Concierges,local,30a,Southern Frills Weddings & Events,Pensacola,FL,5,78,80,prospect,http://www.southernfrillsevents.com/,(850) 382-2448,"1300 W Garden St, Pensacola, FL 32502, USA",,,,a6464a30-85c8-4d01-913e-cde6c09de653
1,bachelorette-planner,Bachelorette Party Planners & Concierges,local,30a,Sugar Beach Weddings - Destin Florida,Destin,FL,4.7,72,80,prospect,https://www.sugarbeachweddings.com/?utm_source=local&utm_medium=organic&utm_campaign=gmb,(850) 687-4020,"3695 Scenic Hwy 98 UNIT 1104, Destin, FL 32541, USA",,,,abe9d22b-45ee-435c-a6b4-1a487b42ab2d
1,bachelorette-planner,Bachelorette Party Planners & Concierges,local,30a,Truly Yours Event Planning,St. Petersburg,FL,5,71,80,prospect,http://trulyyourseventplanning.net/,(727) 220-1219,"233 3rd St N, St. Petersburg, FL 33701, USA",,,,dcf16f88-22af-4b66-857b-abca8ed999b8
1,bachelorette-planner,Bachelorette Party Planners & Concierges,local,30a,Island Sands Beach Weddings,Miramar Beach,FL,4.4,70,80,prospect,http://www.islandsandsbeachweddings.com/,(850) 974-0921,"1096 Scenic Gulf Dr, Miramar Beach, FL 32550, USA",,,,8aa99cab-7f25-4f90-86a2-056bab194e09
1,bachelorette-planner,Bachelorette Party Planners & Concierges,feeder,new_orleans,Hidden History Tours,New Orleans,LA,5,70,70,prospect,http://www.hiddenhistory.us/#_=_,(504) 432-9901,"1132 Arabella St, New Orleans, LA 70115, USA",,,,98b9b9f9-b58e-4486-8d71-f2ae0531c2bd
1,bachelorette-planner,Bachelorette Party Planners & Concierges,feeder,atlanta,"Beautiful World Events, Inc.",Marietta,GA,4.9,67,70,prospect,http://beautifulworldevents.com/,(678) 457-8457,"1148 JVL Ct #130, Marietta, GA 30066, USA",,,,6dc098b1-d8f8-4dbf-b264-88619a017148
1,bachelorette-planner,Bachelorette Party Planners & Concierges,feeder,new_orleans,La Vie New Orleans Private Tours,New Orleans,LA,5,67,70,prospect,http://privatetoursneworleans.com/,(504) 957-1761,"710 Royal St, New Orleans, LA 70116, USA",,,,afc64285-a478-4bf7-8bd0-38eea3012a36
1,bachelorette-planner,Bachelorette Party Planners & Concierges,feeder,new_orleans,ACCENT New Orleans | Event Planning & Destination Management,New Orleans,LA,4.9,66,70,prospect,https://www.accent-dmc.com/,(504) 524-1227,"4300 S Carrollton Ave, New Orleans, LA 70119, USA",,,,a2bead51-6695-40ed-a9fa-81bff7b50c6a
1,bachelorette-planner,Bachelorette Party Planners & Concierges,feeder,new_orleans,Sparkle and Swag,Metairie,LA,4.9,66,70,prospect,http://sparkleandswag.com/,(504) 510-5838,"508 Metairie Rd, Metairie, LA 70005, USA",,,,e7b4badc-060a-46e1-861c-33275bdd6493
1,bachelorette-planner,Bachelorette Party Planners & Concierges,feeder,atlanta,Sapphire Sky Events,Cumming,GA,4.9,64,70,prospect,https://www.sapphireskyevents.com/,(470) 664-6444,"2575 Business Dr, Cumming, GA 30028, USA",,,,93edea8f-d1fb-442e-9c0a-9671cb37e04c
1,bachelorette-planner,Bachelorette Party Planners & Concierges,feeder,atlanta,Created With Love Events,Atlanta,GA,4.7,61,70,prospect,https://createdwithloveevents.com/,(770) 360-8888,"800 Battery Ave SE Suite 100, Atlanta, GA 30339, USA",,,,ba3a2813-754f-4ce3-a983-a8837b7c0bc6
1,bachelorette-planner,Bachelorette Party Planners & Concierges,feeder,houston,Belle Events formerly Belle of the Ball,Houston,TX,4.9,61,70,prospect,http://www.belleevents.com/,(832) 282-0693,"8582 Katy Fwy Suite #250, Houston, TX 77024, USA",,,,c63dba92-6ff3-4c78-9555-ebf8da77ffce
1,bachelorette-planner,Bachelorette Party Planners & Concierges,feeder,dallas,Pop Parties,Dallas,TX,5,60,70,prospect,http://www.popparties.com/,(214) 940-8705,"4001 McEwen Rd Suite 420, Dallas, TX 75244, USA",,,,44f99701-65f0-4f6e-bf78-a5ae7c7b85dc
1,bachelorette-planner,Bachelorette Party Planners & Concierges,feeder,dallas,Prolific Escapes Travel Agency,Dallas,TX,4.8,60,70,prospect,https://www.prolificescapes.com/,(213) 602-8035,"539 W Commerce St #2292, Dallas, TX 75208, USA",,,,ea0bf3fa-6a22-4ceb-be3a-d5d9cbf01c99
1,bachelorette-planner,Bachelorette Party Planners & Concierges,local,30a,850 Event Rentals,Santa Rosa Beach,FL,4.7,59,80,prospect,http://850eventrentals.com/,(850) 399-1660,"316 S Co Hwy 83, Santa Rosa Beach, FL 32459, USA",,,,57bda5f3-35d2-4f72-a766-eed8924b0512
1,bachelorette-planner,Bachelorette Party Planners & Concierges,local,30a,Stephanie Verrmar Event Co.,Hollywood,FL,4.9,59,80,prospect,http://www.stephanieverrmar.com/,(305) 999-5356,"3325 Hollywood Blvd Suite 203, Hollywood, FL 33021, USA",,,,ce734d25-096b-42a1-941d-ced863d9591f
1,bachelorette-planner,Bachelorette Party Planners & Concierges,feeder,new_orleans,Tours New Orleans,New Orleans,LA,5,59,70,prospect,https://www.toursneworleans.com/,(504) 237-2403,"613 Decatur St, New Orleans, LA 70130, USA",,,,a271ba4d-57d0-4905-80d1-b485f8c2fa5d
1,bachelorette-planner,Bachelorette Party Planners & Concierges,feeder,atlanta,KK Travels Worldwide,Atlanta,GA,4.8,58,70,prospect,http://kktww.com/,(404) 458-6800,"Northwest, 3060 Peachtree Rd #180, Atlanta, GA 30305, USA",,,,2ece37de-b1b3-446e-9653-e2f91840bf27
1,bachelorette-planner,Bachelorette Party Planners & Concierges,feeder,houston,Houston Soirée,Houston,TX,5,58,70,prospect,http://www.houstonsoiree.showit.site/,(512) 755-0179,"717 Texas Ave Suite 1200, Houston, TX 77002, USA",,,,a572b6a4-bf20-45c1-8f91-d7ae19c0d91e
1,bachelorette-planner,Bachelorette Party Planners & Concierges,feeder,nashville,Fantasy Face Artistry,Franklin,TN,5,57,70,prospect,http://www.fantasyfaceartistry.com/,(615) 403-0050,"336 Riverbend Dr, Franklin, TN 37064, USA",,,,4db07c4e-0df5-49d8-9d75-1f09b22033c1
1,bachelorette-planner,Bachelorette Party Planners & Concierges,feeder,houston,Loose Ends Event Design Inc.,Houston,TX,5,57,70,prospect,http://looseendseventdesign.com/,(979) 709-2502,"2519 Stevens St, Houston, TX 77026, USA",,,,7bdf5917-80b7-4b3f-aea3-0de3c52733be
1,bachelorette-planner,Bachelorette Party Planners & Concierges,feeder,atlanta,OneTouch Events LLC,Atlanta,GA,4.9,56,70,prospect,http://www.onetoucheventsllc.com/,(404) 913-0080,"2275 Marietta Blvd NW Suite 270-210, Atlanta, GA 30318, USA",,,,df62fe87-52a2-470c-af01-e37a9d3a7f3e
1,bachelorette-planner,Bachelorette Party Planners & Concierges,feeder,atlanta,Simply Chic Soirées,Austell,GA,4.9,56,70,prospect,http://scsforyou2.com/,(678) 596-9225,"second floor, 5000 Austell Powder Springs Rd Suite 237, Austell, GA 30106, USA",,,,b9bd20ce-d525-463c-8faf-4cea601e8b77
1,bachelorette-planner,Bachelorette Party Planners & Concierges,feeder,atlanta,Swoozie's,Atlanta,GA,4.3,55,70,prospect,http://www.swoozies.com/,(404) 748-1686,"4285 Roswell Rd NE #10, Atlanta, GA 30342, USA",,,,84e294d2-9ade-4b10-bc8a-39fcf57ed5e8
1,bachelorette-planner,Bachelorette Party Planners & Concierges,feeder,dallas,Rachel Willis Events,Farmers Branch,TX,5,54,70,prospect,http://www.rachelwillisevents.com/,(469) 834-8647,"4100 Spring Valley Rd Suite 915, Farmers Branch, TX 75244, USA",,,,cb08cbf9-ba65-4720-89b0-6052ad2f1398
1,bachelorette-planner,Bachelorette Party Planners & Concierges,feeder,new_orleans,Nola Detours,New Orleans,LA,4.9,53,70,prospect,http://www.noladetours.com/,(504) 228-7134,"926 Esplanade Ave, New Orleans, LA 70116, USA",,,,b2e5029e-e394-407d-a82f-e987227c8e03
1,bachelorette-planner,Bachelorette Party Planners & Concierges,local,30a,SALTY Beach Setups,Santa Rosa Beach,FL,4.7,52,80,prospect,https://www.saltygirlsbeachsetups.com/,(850) 979-4479,"1414 County Hwy 283 S Suite D, Santa Rosa Beach, FL 32459, USA",,,,7dc84160-0d11-477f-9419-d7cc4606acb2
1,bachelorette-planner,Bachelorette Party Planners & Concierges,local,30a,Ooh La La Weddings & Events,Santa Rosa,CA,4.5,52,80,prospect,http://www.oohlalaweddings.com/,(707) 206-2400,"Santa Rosa, CA 95404, USA",,,,b4d7de40-28d7-4d7e-9ba4-eee303ceab12
1,bachelorette-planner,Bachelorette Party Planners & Concierges,feeder,atlanta,Markwood Magic,Marietta,GA,5,52,70,prospect,https://www.markwoodmagic.com/,(404) 507-2997,"1204 Ashley Lake Dr, Marietta, GA 30062, USA",,,,0a001958-b91b-4284-a7c9-108d5981134f
1,bachelorette-planner,Bachelorette Party Planners & Concierges,feeder,nashville,"Laurie D'Anne Events, LLC",Nashville,TN,5,52,70,prospect,https://www.lauriedeanneevents.com/,(615) 830-0549,"630 Hamilton Ave, Nashville, TN 37203, USA",,,,eb56d6d2-3cf9-447a-83d6-a437f8f435c8
1,bachelorette-planner,Bachelorette Party Planners & Concierges,feeder,atlanta,WM Events,Hapeville,GA,5,51,70,prospect,https://www.wmevents.com/?utm_source=google&utm_medium=organic&utm_campaign=gbp,(678) 251-6363,"280 Mount Zion Rd, Hapeville, GA 30354, USA",,,,581baa88-9e80-4d2b-861c-515f4dec12af
1,bachelorette-planner,Bachelorette Party Planners & Concierges,feeder,atlanta,Legendary Events,Atlanta,GA,4.5,51,70,prospect,http://www.legendaryevents.com/,(404) 869-8858,"3379 Peachtree Rd NE #925, Atlanta, GA 30326, USA",,,,d0e44a70-a1a8-433d-a894-f23001c3b1aa
1,bachelorette-planner,Bachelorette Party Planners & Concierges,feeder,birmingham,Celebrate Birmingham,Homewood,AL,4.9,51,70,prospect,http://www.celebratebirmingham.com/,(205) 440-2184,"1743 Reese St, Homewood, AL 35209, USA",,,,6c899ff1-82f9-4af5-9d04-95ef156307e3
1,bachelorette-planner,Bachelorette Party Planners & Concierges,feeder,dallas,Sarabeth and Co. - Wedding & Event Planning,Grapevine,TX,5,51,70,prospect,https://sarabethandco.com/,(214) 207-6081,"215 W College St, Grapevine, TX 76051, USA",,,,611a8a2a-9efc-4239-b28a-a060d30a0d0b
1,bachelorette-planner,Bachelorette Party Planners & Concierges,feeder,dallas,Travigent,Dallas,TX,4.8,51,70,prospect,https://travigent.com/,(214) 412-0104,"8080 N Central Expy # 1700, Dallas, TX 75206, USA",,,,b0502909-8f10-4cae-99aa-83c7abe4d460
1,bachelorette-planner,Bachelorette Party Planners & Concierges,feeder,birmingham,Becky's Brides,Mountain Brook,AL,5,50,70,prospect,http://www.beckysbrides.com/,(205) 807-4734,"6 Office Park Cir # 218, Mountain Brook, AL 35223, USA",,,,911c6485-95f9-471a-80c2-85fc3891a462
1,bachelorette-planner,Bachelorette Party Planners & Concierges,feeder,new_orleans,"ToursbyJudy @ New York Times, Condé Nast, Frommers, Lonely Planet, TravaraTravel, PBS' World's Greatest Cemeteries, HBO",New Orleans,LA,5,50,70,prospect,http://toursbyjudy.com/,(504) 416-6666,"509 Dumaine St, New Orleans, LA 70116, USA",,,,1aa20cb2-cf28-4d5f-aa5c-d91718bf71cf
1,bachelorette-planner,Bachelorette Party Planners & Concierges,feeder,nashville,Bach Babes,Nashville,TN,4.9,49,70,prospect,https://www.bachbabes.com/,,"1019 17th Ave S, Nashville, TN 37212, USA",,,,ee22264f-9b34-4cc1-9cd7-17c00dae3fbd
1,bachelorette-planner,Bachelorette Party Planners & Concierges,feeder,houston,Elite Eventz,Houston,TX,5,49,70,prospect,http://www.eliteeventz.com/,(713) 516-3409,"4040 Koehler St #4052, Houston, TX 77007, USA",,,,300c4fb4-69a5-4df3-893d-c796ceb95cd6
1,bachelorette-planner,Bachelorette Party Planners & Concierges,feeder,houston,VAGABLONDE TRAVEL,Tomball,TX,4.6,49,70,prospect,http://vagablondetravel.com/trip-styling,(346) 351-5739,"11105 Cunningham Fir Trl, Tomball, TX 77375, USA",,,,6cd9a4f5-da72-478d-98cf-89527e4078a8
1,bachelorette-planner,Bachelorette Party Planners & Concierges,feeder,new_orleans,"Paint And Jam, LLC",New Orleans,LA,5,47,70,prospect,http://paintandjam.com/,(225) 210-2494,"7611 Maple St, New Orleans, LA 70118, USA",,,,a403f95d-2d15-4968-ab4b-d8725fa98322
1,bachelorette-planner,Bachelorette Party Planners & Concierges,feeder,atlanta,ShakeUp ATL,Atlanta,GA,4.8,46,70,prospect,https://www.shakeupatl.com/,(678) 267-4817,"1422 Woodmont Ln NW unit 3, Atlanta, GA 30318, USA",,,,60d51e16-7db8-4785-8825-590a5c3fa07e
1,bachelorette-planner,Bachelorette Party Planners & Concierges,feeder,birmingham,Brownell Travel,Birmingham,AL,4.3,45,70,prospect,http://www.brownelltravel.com/,(205) 802-6222,"216 Summit Blvd #220, Birmingham, AL 35243, USA",,,,26a56546-2eef-451b-ab3a-6cd5ac174043
1,bachelorette-planner,Bachelorette Party Planners & Concierges,feeder,atlanta,Luxury Lifestyles ATL,Atlanta,GA,4.9,42,70,prospect,http://www.luxurylifestylesatl.com/,(678) 592-5334,"1230 Peachtree St NE # 1900, Atlanta, GA 30309, USA",,,,60eaee7a-8e50-4d66-a093-1436054570f6
1,bachelorette-planner,Bachelorette Party Planners & Concierges,feeder,houston,The Event Group HTX,Houston,TX,5,42,70,prospect,http://www.theeventgrouphtx.com/,(713) 446-2140,"18211 Treefork Ln, Houston, TX 77094, USA",,,,02b7c77c-f96f-426c-9a1d-67ab6dfaf33a
1,bachelorette-planner,Bachelorette Party Planners & Concierges,local,30a,PlanIT Events LLC,Parrish,FL,5,41,80,prospect,https://www.planiteventsllc.com/contact,(941) 685-4613,"11627 Summit Rock Ct, Parrish, FL 34219, USA",,,,bace929b-e1f9-4610-b88f-a144a0a43730
1,bachelorette-planner,Bachelorette Party Planners & Concierges,feeder,atlanta,KIS(cubed) Events,Atlanta,GA,5,41,70,prospect,https://kiscubedevents.com/,(855) 547-2823,"616 Angier Ave NE, Atlanta, GA 30308, USA",,,,2dd5a66b-f26d-4104-9cbc-d094848d6c32
1,bachelorette-planner,Bachelorette Party Planners & Concierges,feeder,atlanta,Emily Jordan Events,Atlanta,GA,5,41,70,prospect,https://www.emilyjordanevents.com/,(678) 743-1460,"1054 St Charles Ave NE, Atlanta, GA 30306, USA",,,,79273734-c289-4472-b221-2ec76bf588a3
1,bachelorette-planner,Bachelorette Party Planners & Concierges,feeder,atlanta,Why We Live Travel,Atlanta,GA,5,41,70,prospect,https://whywelivetravel.com/,(404) 566-9025,"250 10th St NE STE 3316, Atlanta, GA 30309, USA",,,,24d6f6b6-d15c-40b6-801d-0bc3829aff4a
1,bachelorette-planner,Bachelorette Party Planners & Concierges,feeder,dallas,Sharon Carr Travel,Dallas,TX,4.4,41,70,prospect,http://www.sharoncarrtravel.com/,(800) 648-4856,"16800 Dallas Pkwy # 160, Dallas, TX 75248, USA",,,,abee5c73-6fd7-4554-82dd-df8fc3a8b5d2
1,bachelorette-planner,Bachelorette Party Planners & Concierges,feeder,new_orleans,Dreamy Teepee Sleepover,Metairie,LA,5,38,70,prospect,https://www.dreamyteepee.com/,(504) 247-4960,"4504 Lorino St Suite C, Metairie, LA 70006, USA",,,,1dc4489f-6ec8-401a-8750-31e6796ea88e
1,bachelorette-planner,Bachelorette Party Planners & Concierges,local,30a,Destin Pole Parties,Destin,FL,5,37,80,prospect,http://www.destinpoleparties.com/,(850) 353-1566,"127 Harbor Blvd ste 11 b, Destin, FL 32541, USA",,,,977afde0-6bef-4ea4-81db-9d7bf80688db
1,bachelorette-planner,Bachelorette Party Planners & Concierges,feeder,new_orleans,Blue Book Barkeeps,New Orleans,LA,5,37,70,prospect,https://www.bluebookbarkeeps.com/,(504) 264-1195,"8203 Zimpel St, New Orleans, LA 70118, USA",,,,b24d0f49-011b-46da-a153-476bed8beb91
1,bachelorette-planner,Bachelorette Party Planners & Concierges,feeder,houston,La Rosa Negra Travel by Dreamvacations,Houston,TX,5,37,70,prospect,http://www.dreamvacations.com/gcumberbatch,(703) 389-4617,"5731 Hummingbird St, Houston, TX 77096, USA",,,,33612496-642f-4fba-9ea0-c7a08b0a93e1
1,bachelorette-planner,Bachelorette Party Planners & Concierges,local,30a,Event Bliss,Fort Lauderdale,FL,4.9,36,80,prospect,https://www.eventblissdesign.com/,(954) 463-9120,"710 NE 1st Ave., Fort Lauderdale, FL 33304, USA",,,,2edf7736-cc80-4992-80e1-45775186e0e6
1,bachelorette-planner,Bachelorette Party Planners & Concierges,feeder,atlanta,Elite Mobile Parties,Atlanta,GA,4.5,36,70,prospect,https://www.elitemobileatl.com/,(470) 397-9817,"3078 Clairmont Rd #524, Atlanta, GA 30329, USA",,,,7b9ca66e-70b7-4f53-b22d-009928dbaddc
1,bachelorette-planner,Bachelorette Party Planners & Concierges,feeder,birmingham,Cruise Planners-Clarissa Winchester & Associates,Trussville,AL,5,36,70,prospect,http://www.cooltravelmemories.com/,(205) 873-8621,"459 Main St, Trussville, AL 35173, USA",,,,23aa49e0-9551-42e3-b261-cf8dca2b1073
1,bachelorette-planner,Bachelorette Party Planners & Concierges,feeder,nashville,Going Places Travel,Franklin,NC,5,36,70,prospect,https://goingplacestravelservice.com/,(828) 369-5999,"400 Porter St Suite 205, Franklin, NC 28734, USA",,,,7827708b-b7fe-4049-9e4a-9aa7ad644f36
1,bachelorette-planner,Bachelorette Party Planners & Concierges,feeder,new_orleans,Spanish Oak Events,New Orleans,LA,4.9,36,70,prospect,http://spanishoakevents.com/,(701) 371-8846,"5952 Annunciation St #1, New Orleans, LA 70115, USA",,,,ef8a3818-d808-45a6-b7bc-d9b56a7505e7
1,bachelorette-planner,Bachelorette Party Planners & Concierges,feeder,new_orleans,Clandestine Events + Experiences,New Orleans,LA,5,35,70,prospect,https://clandestine-events.com/,(504) 766-3033,"2705 D'Abadie St, New Orleans, LA 70119, USA",,,,df067b41-eeff-44f5-b7ee-fccb89bbaa55
1,bachelorette-planner,Bachelorette Party Planners & Concierges,feeder,houston,Doyin Fash LLC,Houston,TX,4.9,35,70,prospect,http://www.doyinfash.com/,(832) 278-6366,"5444 Westheimer Rd Suite 1000, Houston, TX 77056, USA",,,,f0cc40d2-260f-4888-8fa6-cff03a0de137
1,bachelorette-planner,Bachelorette Party Planners & Concierges,feeder,atlanta,Just Because Romance Travel,Lawrenceville,GA,4.8,34,70,prospect,http://justbecauseromance.com/,(678) 582-9575,"722 Collins Hill Rd H-403, Lawrenceville, GA 30046, USA",,,,43365c1d-0bc1-4e28-81ca-95e5faf870e3
1,bachelorette-planner,Bachelorette Party Planners & Concierges,local,30a,30a Tents + Events,Santa Rosa Beach,FL,5,33,80,prospect,http://30atentsandevents.com/,(850) 499-6876,"116 MC Blvd Suite 105, Santa Rosa Beach, FL 32459, USA",,,,26fe3585-9362-4d88-b27e-33edcb3b1ed1
1,bachelorette-planner,Bachelorette Party Planners & Concierges,feeder,nashville,Two Sisters Travel LLC,Shelbyville,TN,4.9,33,70,prospect,http://www.twosisterstravel.com/,(931) 684-3399,"1302 N Main St, Shelbyville, TN 37160, USA",,,,f4346f3e-6c35-45ed-8eb4-ae782ea6bd17
1,bachelorette-planner,Bachelorette Party Planners & Concierges,feeder,new_orleans,Unique Weddings & Events,New Orleans,LA,4.9,33,70,prospect,http://uniqueweddingsinneworleans.com/,(504) 473-4254,"210 Baronne St, New Orleans, LA 70112, USA",,,,4c2dfdf8-b88a-4b81-b22c-c5d31b679952
1,bachelorette-planner,Bachelorette Party Planners & Concierges,feeder,atlanta,The Trip Atelier,Atlanta,GA,5,32,70,prospect,https://www.thetripatelier.com/,(404) 669-6938,"3675 Peachtree Rd NE #38th, Atlanta, GA 30319, USA",,,,414b32fa-e318-46d0-b449-1f4049d24c76
1,bachelorette-planner,Bachelorette Party Planners & Concierges,feeder,birmingham,The Harambe Room,Birmingham,AL,5,32,70,prospect,https://www.harambe205.com/,(205) 706-7457,"1815 4th Ave N 3rd Floor, Birmingham, AL 35203, USA",,,,35563b4b-11f8-495e-ae07-99a6f06aa851
1,bachelorette-planner,Bachelorette Party Planners & Concierges,feeder,new_orleans,Rella's Exquisite Events & Decor,New Orleans,LA,5,32,70,prospect,http://rellaseventsandmore.com/,(228) 918-8364,"3157 Gentilly Blvd #2501, New Orleans, LA 70122, USA",,,,8769a656-f85a-40f1-a996-c83a888f0474
1,bachelorette-planner,Bachelorette Party Planners & Concierges,feeder,dallas,MK Event Boutique,Dallas,TX,4.8,32,70,prospect,http://www.mkeventboutique.com/,(214) 733-7206,"2017 Farrington St, Dallas, TX 75207, USA",,,,4f51376a-d56e-4eaf-9031-51701b556940
1,bachelorette-planner,Bachelorette Party Planners & Concierges,feeder,houston,Houston Event Planning,Houston,TX,5,32,70,prospect,https://www.houstoneventplanning.com/,(713) 541-1000,"6968 Howell Sugarland Rd, Houston, TX 77083, USA",,,,c420b2c6-041c-408f-aeb8-6501a82ef5da
1,bachelorette-planner,Bachelorette Party Planners & Concierges,local,30a,"Destin DJ's - Destin's best wedding DJ's, beach & lawn ceremony reception & venue!",Destin,FL,4.9,31,80,prospect,http://destindjs.com/,(404) 867-6075,"Scenic Hwy 98, Destin, FL 32541, USA",,,,459c73c3-63c5-4022-8f05-9fc7cf1e4d92
1,bachelorette-planner,Bachelorette Party Planners & Concierges,feeder,nashville,Modern Vintage Events,Nashville,TN,5,31,70,prospect,http://modernvintageevents.com/,(615) 807-0318,"4006 Dakota Ave, Nashville, TN 37209, USA",,,,8a96f970-3687-4ffb-8078-419637718a34
1,bachelorette-planner,Bachelorette Party Planners & Concierges,feeder,dallas,M&M Magical Adventures,Rowlett,TX,4.9,30,70,prospect,http://www.mandmmagicaladventures.com/,(844) 964-2539,"7814 Westover Dr, Rowlett, TX 75089, USA",,,,933f8228-4423-4688-9665-ad6d5eb7a1f0
1,bachelorette-planner,Bachelorette Party Planners & Concierges,feeder,atlanta,Jimmeh Event Management,Marietta,GA,5,29,70,prospect,http://jematl.com/,(470) 338-6738,"45 South Avenue SE STE 6, Marietta, GA 30060, USA",,,,a6c44f27-c0d1-4208-8722-bbc6eead8b6f
1,bachelorette-planner,Bachelorette Party Planners & Concierges,feeder,nashville,Erica James Travel,Nashville,TN,4.8,29,70,prospect,https://ericajamestravel.com/,(615) 405-2167,"Box 281044, 2245 Rosa L Parks Blvd, Nashville, TN 37228, USA",,,,a5f287a9-5c8b-4fdc-8533-da2dad77a896
1,bachelorette-planner,Bachelorette Party Planners & Concierges,local,30a,Kiss the Bride Weddings Destin/30A,Destin,FL,5,28,80,prospect,http://www.kissthebrideweddings.com/,(850) 376-8272,"36468 Emerald Coast Pkwy suite 6103-1, Destin, FL 32541, USA",,,,f03c04f6-749a-4090-9882-4ac759dfe7bf
1,bachelorette-planner,Bachelorette Party Planners & Concierges,feeder,atlanta,W Events | Atlanta Wedding Planner,Atlanta,GA,5,28,70,prospect,https://weventsco.com/,(423) 405-7615,"455 14th St NW STE 414, Atlanta, GA 30318, USA",,,,700ed826-6ad0-408c-ac11-93c8833ebbc0
1,bachelorette-planner,Bachelorette Party Planners & Concierges,feeder,atlanta,LL Adventures Company,Atlanta,GA,4.9,28,70,prospect,http://www.lladventurescompany.com/,(678) 867-4214,"650 Ponce De Leon Ave NE Ste. 300 #1381, Atlanta, GA 30308, USA",,,,0286c329-5b1e-4194-bd78-b143e61d05f8
1,bachelorette-planner,Bachelorette Party Planners & Concierges,feeder,atlanta,NEAL MILLER TRAVEL COMPANY,Atlanta,GA,4.9,28,70,prospect,http://www.nealmillertravel.com/,(404) 875-3341,"905 Juniper St NE, Atlanta, GA 30309, USA",,,,6fa3b5dc-399c-4ce1-a5c6-87b8fd4d3f35
1,bachelorette-planner,Bachelorette Party Planners & Concierges,feeder,new_orleans,Amanda Price Events,New Orleans,LA,5,28,70,prospect,http://www.amandapriceevents.com/,(504) 881-4180,"141 Allen Toussaint Blvd Suite 235, New Orleans, LA 70124, USA",,,,e28e0b95-c787-41c9-9a54-a7007ff6c129
1,bachelorette-planner,Bachelorette Party Planners & Concierges,feeder,houston,Bespoke Bookings Travel Agency,Houston,TX,5,28,70,prospect,https://www.bespokebookings.co/,(832) 205-8991,"24 Greenway Plz Suite 1800, Houston, TX 77046, USA",,,,26ea2600-4aa1-409f-94f9-46007fd2f1e5
1,bachelorette-planner,Bachelorette Party Planners & Concierges,local,30a,By the Sea beach wedding and Luxury Beach Picnics,Okaloosa Island,FL,5,27,80,prospect,https://www.bytheseaflorida.com/,(850) 684-8861,"340 Bluefish Dr, Okaloosa Island, FL 32548, USA",,,,cdece5bc-e653-4570-8e20-3828d45a571e
1,bachelorette-planner,Bachelorette Party Planners & Concierges,feeder,atlanta,Dream Travel Experience LLC,Atlanta,GA,5,27,70,prospect,http://www.dreamtravelexperiencellc.com.co/,,"650 Ponce De Leon Ave NE, Atlanta, GA 30308, USA",,,,c8988f97-bff5-418d-937c-e7bdfa01ac9a
1,bachelorette-planner,Bachelorette Party Planners & Concierges,feeder,dallas,Jetsetting Ginny Travel Co,Colleyville,TX,5,27,70,prospect,https://jetsettingginny.com/,(214) 868-2833,"2501 Twelve Oaks Ln, Colleyville, TX 76034, USA",,,,0b75803b-c812-4abc-a737-ba3f34b0f0c8
1,bachelorette-planner,Bachelorette Party Planners & Concierges,feeder,dallas,You Deserve It! Vacations,Irving,TX,5,26,70,prospect,http://ydiv.com/,(972) 830-2040,"955 W John Carpenter Fwy, Irving, TX 75039, USA",,,,2fb1c033-25c4-40d7-9dba-5404ffd4377a
1,bachelorette-planner,Bachelorette Party Planners & Concierges,feeder,atlanta,About Going Places,Sandy Springs,GA,4.3,26,70,prospect,https://www.aboutgoingplaces.com/,(404) 256-1131,"6047 Sandy Springs Cir, Sandy Springs, GA 30328, USA",,,,ad6671f1-6521-4c71-a86f-1616dd4e6167
1,bachelorette-planner,Bachelorette Party Planners & Concierges,feeder,birmingham,Handley Breaux Designs,Birmingham,AL,5,26,70,prospect,http://www.handleybreauxdesigns.com/,(205) 900-8804,"9 Office Park Cir Suite 103, Birmingham, AL 35223, USA",,,,54fa7f28-040f-4926-bd90-80ff5c5b57a6
1,bachelorette-planner,Bachelorette Party Planners & Concierges,feeder,new_orleans,Michaela’s Private New Orleans Tours,New Orleans,LA,5,26,70,prospect,http://www.privateneworleanstour.com/,(504) 251-1595,"207 N Peters St #8, New Orleans, LA 70130, USA",,,,27928343-5f21-455f-9487-33327d8430ee
1,bachelorette-planner,Bachelorette Party Planners & Concierges,feeder,new_orleans,Imaginative Events by Ingris,Kenner,LA,5,26,70,prospect,,(504) 327-0641,"2246 Florida Ave suite B, Kenner, LA 70062, USA",,,,b6f1ad9b-086c-456f-9e85-d68b6d308012
1,bachelorette-planner,Bachelorette Party Planners & Concierges,feeder,new_orleans,Bigeasy.com / Hospitality Enterprises,New Orleans,LA,3.6,24,70,prospect,http://www.bigeasy.com/,(800) 366-8882,"4220 Howard Ave, New Orleans, LA 70125, USA",,,,ccef1d37-612b-4566-8c3a-30f5bbdbeafe
1,bachelorette-planner,Bachelorette Party Planners & Concierges,feeder,new_orleans,Zaynnah Tours & Travel,Metairie,LA,4.7,24,70,prospect,http://www.zaynnahtravel.com/,(504) 838-7070,"3349 Ridgelake Dr Suite 102, Metairie, LA 70002, USA",,,,8d7b0d1a-7425-4d35-8586-93f9045cd017
1,bachelorette-planner,Bachelorette Party Planners & Concierges,feeder,dallas,Travel's The Vibe Travel Agency,Dallas,TX,5,24,70,prospect,http://travelsthevibe.com/,(817) 657-6740,"750 North St. Paul Street Ste 250, Dallas, TX 75201, USA",,,,3af8fec1-08f7-4cc1-a9c3-603b918d302f
1,bachelorette-planner,Bachelorette Party Planners & Concierges,feeder,houston,"Events by Nessa, LLC",Houston,TX,5,24,70,prospect,https://www.eventsbynessa.com/,(832) 563-4396,"600 Kenrick Dr Ste B3, Houston, TX 77060, USA",,,,02acdd4f-6e50-4006-9dc0-f1ea36b2addc
1,bachelorette-planner,Bachelorette Party Planners & Concierges,local,30a,To Remember Us | Grief Retreats | Holistic Healing | Wellness,Ormond Beach,FL,5,23,80,prospect,http://www.torememberus.com/,(386) 259-0660,"55 E Granada Blvd #1421, Ormond Beach, FL 32175, USA",,,,885aff99-5288-4a4f-866e-58dd5df8d0ed
1,bachelorette-planner,Bachelorette Party Planners & Concierges,local,30a,REED CONCIERGE LLC - Event planning & Travel Agency,Miami Beach,FL,5,23,80,prospect,https://reedconcierge.com/,(305) 345-3334,"1688 Meridian Ave, Miami Beach, FL 33139, USA",,,,d93381b5-9653-426d-8aee-168566c0d16a
1,bachelorette-planner,Bachelorette Party Planners & Concierges,feeder,houston,Houston event party LLC,Katy,TX,5,23,70,prospect,https://www.houstoneventparty.com/,(346) 662-1156,"23043 Kingsland Blvd, Katy, TX 77450, USA",,,,ff6c507a-f3d2-41a4-bd2c-89f6cbd90876
1,bachelorette-planner,Bachelorette Party Planners & Concierges,feeder,houston,A Day To Remember,Houston,TX,5,23,70,prospect,http://www.daytoremember.net/,(713) 862-1751,"2003 W 14th St, Houston, TX 77008, USA",,,,a70b9017-0737-490d-a8f1-1fbb45af49eb
1,bachelorette-planner,Bachelorette Party Planners & Concierges,feeder,atlanta,Unique Occasions by TNicole,Roswell,GA,4.9,22,70,prospect,https://www.uniqueoccasionsbytnicole.com/,(404) 567-3185,"760 Old Roswell Rd Suite 127, Roswell, GA 30076, USA",,,,e7507bd1-49d0-49e3-81e2-81c9ea50363a
1,bachelorette-planner,Bachelorette Party Planners & Concierges,feeder,atlanta,Allsome Travel LLC,Marietta,GA,4.5,22,70,prospect,https://allsometravel.com/,(404) 683-1205,"2470 Windy Hill Rd SE Suite 300, Marietta, GA 30067, USA",,,,c7ed7bc9-969c-408f-aeb0-430cf0fef93b
1,bachelorette-planner,Bachelorette Party Planners & Concierges,feeder,new_orleans,Lavishly Chic Designs Events + Weddings,Metairie,LA,4.3,22,70,prospect,http://lcdevents.com/,(504) 616-0428,"2701 Airline Dr K171, Metairie, LA 70001, USA",,,,79690b09-b01e-448d-81d4-d0cb55a0ed66
1,bachelorette-planner,Bachelorette Party Planners & Concierges,feeder,birmingham,Magnolia Vine Events,Birmingham,AL,5,21,70,prospect,,(205) 565-5448,"277 Lyon Ln, Birmingham, AL 35211, USA",,,,3c6d6c78-594d-4cac-a8ef-c583f1b0ec86
1,bachelorette-planner,Bachelorette Party Planners & Concierges,feeder,new_orleans,Girls In Black,New Orleans,LA,4.8,21,70,prospect,http://www.gibevents.com/,(985) 264-9123,"Tchoupitoulas St, New Orleans, LA 70115, USA",,,,2b97cec2-6d36-4875-8f73-ed33fd4f2e13
1,bachelorette-planner,Bachelorette Party Planners & Concierges,local,30a,Destin To Wed Event Planning,Santa Rosa Beach,FL,5,20,80,prospect,http://www.destintowed.com/,(850) 687-0076,"73 N Knightsbridge Ct, Santa Rosa Beach, FL 32459, USA",,,,de271c94-bd2e-4c8c-8c71-a53ece57777b
1,bachelorette-planner,Bachelorette Party Planners & Concierges,local,30a,Celebrations by the Sea LLC,Fort Walton Beach,FL,5,20,80,prospect,https://celebrationsbythesea.com/,(850) 217-5710,"740 Starfish Ave, Fort Walton Beach, FL 32548, USA",,,,22eacef6-0202-4abf-bd7a-89705f9e6c76
1,bachelorette-planner,Bachelorette Party Planners & Concierges,feeder,dallas,"Social Llama Events, LLC",Dallas,TX,4.8,20,70,prospect,http://socialllamaevents.com/,(214) 960-1151,"4919 Woodall St, Dallas, TX 75247, USA",,,,e285c431-03c4-46ee-8864-a7437cb2f64f
1,bachelorette-planner,Bachelorette Party Planners & Concierges,feeder,dallas,Event Experts Live LLC,Dallas,TX,5,20,70,prospect,https://eventexperts.live/,(616) 737-8336,"325 North St. Paul Street Suite 3100, Dallas, TX 75201, USA",,,,c5dc132f-7b2b-4fed-ad2c-ed57c2d9bbf7
1,bachelorette-planner,Bachelorette Party Planners & Concierges,feeder,atlanta,Fiesta Tour Travel,Atlanta,GA,4.7,19,70,prospect,http://www.fiestatourtravel.com/,(404) 728-0442,"3566 Clairmont Rd, Atlanta, GA 30319, USA",,,,51dfe7be-d5a4-4614-b895-8c7d5cf487f8
1,bachelorette-planner,Bachelorette Party Planners & Concierges,local,30a,Destin Event Rentals,Niceville,FL,4.8,19,80,prospect,http://www.destineventrentals.com/,(850) 598-2799,"325 Cedar Ave S Unit B2, Niceville, FL 32578, USA",,,,6e9a03ee-c798-4db6-8d7a-5d83b7610a19
1,bachelorette-planner,Bachelorette Party Planners & Concierges,feeder,atlanta,Saratoga Event Group,Marietta,GA,4.9,19,70,prospect,http://www.saratogaevents.com/,(770) 578-1110,"1236 Powers Ferry Common SE, Marietta, GA 30067, USA",,,,a3834c7e-3ac9-4fed-9a50-049472ccbadc
1,bachelorette-planner,Bachelorette Party Planners & Concierges,feeder,birmingham,Freedom Line Tours,Birmingham,AL,4.9,19,70,prospect,http://www.freedomlinetours.com/,(866) 259-9691,"1601 5th Ave N, Birmingham, AL 35203, USA",,,,6bde8841-a17d-4f4c-8472-1832f6579ec6
1,bachelorette-planner,Bachelorette Party Planners & Concierges,feeder,atlanta,Atlanta Bar Tours,Atlanta,GA,3.1,18,70,prospect,http://www.atlantabartours.com/,,"2870 Peachtree Rd #475, Atlanta, GA 30305, USA",,,,bc4020fe-e11f-4b75-b38a-756798a0424a
1,bachelorette-planner,Bachelorette Party Planners & Concierges,feeder,atlanta,All Travel Inc,Woodstock,GA,4.6,18,70,prospect,http://www.alltravelcompany.com/,(770) 426-1825,"7977 GA-92 Suite B, Woodstock, GA 30189, USA",,,,54d77fa4-8669-4db1-9964-3c3f52026db3
1,bachelorette-planner,Bachelorette Party Planners & Concierges,feeder,new_orleans,Bourbon Street Balcony Rentals,New Orleans,LA,5,18,70,prospect,https://bourbonstreetbalconyrentals.com/,,"333 Bourbon St 3rd Floor, New Orleans, LA 70130, USA",,,,727dc4cc-8f50-4a80-948b-ce4f12afdfe9
1,bachelorette-planner,Bachelorette Party Planners & Concierges,feeder,dallas,Social Graces Weddings and Events,Dallas,TX,5,18,70,prospect,http://www.socialgracesdallas.com/,(214) 808-1043,"4100 Spring Valley Rd Suite 915, Dallas, TX 75244, USA",,,,6a05e50a-e45f-4a67-8fd0-d48b07f79761
1,bachelorette-planner,Bachelorette Party Planners & Concierges,feeder,atlanta,Women Travel Abroad,Kansas City,MO,5,17,70,prospect,http://www.womentravelabroad.com/,(970) 749-6491,"2112 E 25th St, Kansas City, MO 64127, USA",,,,b709d848-bb5f-4e20-8b59-48c31d85cfcf
1,bachelorette-planner,Bachelorette Party Planners & Concierges,feeder,atlanta,Trio Travel LLC,Atlanta,GA,5,17,70,prospect,https://triotravel.us/contact-us,(888) 731-8746,"1100 Peachtree St NE, Atlanta, GA 30309, USA",,,,9190a1a4-f585-432a-b2bf-364048e6d456
1,bachelorette-planner,Bachelorette Party Planners & Concierges,feeder,atlanta,Living Your Bucket List Travel,Atlanta,GA,5,17,70,prospect,,(877) 982-7833,"705 Town Blvd, Atlanta, GA 30319, USA",,,,260bd346-7f7b-463f-a0d3-e5aaa8b30a27
1,bachelorette-planner,Bachelorette Party Planners & Concierges,feeder,birmingham,Fairy Godd Shoppers,Birmingham,AL,5,17,70,prospect,http://www.fairygoddshoppers.com/,(205) 521-4044,"1601 5th Ave N ste. 254, Birmingham, AL 35203, USA",,,,3ab4e199-98ff-46dd-ae58-291eecc83726
1,bachelorette-planner,Bachelorette Party Planners & Concierges,feeder,new_orleans,A Pair of Ears Travel with Jennifer Pradat,Hahnville,LA,4.9,17,70,prospect,https://www.apairofearstravel.com/jenniferpradat/,(504) 812-7388,"408 S Fashion Blvd, Hahnville, LA 70057, USA",,,,4d481e8e-717c-4985-9bde-3c134bfea181
1,bachelorette-planner,Bachelorette Party Planners & Concierges,feeder,houston,Two Be Wed,Houston,TX,5,17,70,prospect,http://www.twobewed.com/,(832) 689-8485,"7122 Old Katy Rd, Houston, TX 77024, USA",,,,8c598a1b-77a6-4b62-bc63-4972047f0a98
1,bachelorette-planner,Bachelorette Party Planners & Concierges,feeder,houston,"Wedding Event Planners of Houston, LLC",Tomball,TX,4.8,17,70,prospect,http://www.wepoh.com/,(281) 716-5566,"18207 N Eldridge Pkwy, Tomball, TX 77377, USA",,,,715dea43-3682-49bd-bfd8-b7dbafd7d4c2
1,bachelorette-planner,Bachelorette Party Planners & Concierges,local,30a,Peach & Pearl Events,Santa Rosa Beach,FL,5,16,80,prospect,http://www.peachandpearlevents.com/,(850) 231-0007,"75 Summer Wind Trail, Santa Rosa Beach, FL 32459, USA",,,,f94467bb-865e-4124-a492-d6a8876cc3df
1,bachelorette-planner,Bachelorette Party Planners & Concierges,local,30a,Emerald Coast Vibe,Fort Walton Beach,FL,5,16,80,prospect,https://www.emeraldcoastvibe.com/,(850) 744-0117,"183 Eglin Pkwy NE, Fort Walton Beach, FL 32548, USA",,,,6ebfb066-ae6a-4c0a-bbd4-57e46d0a6335
1,bachelorette-planner,Bachelorette Party Planners & Concierges,feeder,atlanta,Rosner Travel,Marietta,GA,5,16,70,prospect,https://www.rosnertravel.com/,(678) 860-2491,"1725 Emerson Bridge Ct NE, Marietta, GA 30062, USA",,,,9543e484-b724-4f97-8550-477150b6cede
1,bachelorette-planner,Bachelorette Party Planners & Concierges,feeder,nashville,Social Bliss Events,Nashville,TN,4.9,16,70,prospect,https://socialbliss-events.com/,(615) 236-6407,"Hillsboro Pike, Nashville, TN 37215, USA",,,,b3795f32-8b80-4de5-93e8-4b708d898e85
1,bachelorette-planner,Bachelorette Party Planners & Concierges,feeder,new_orleans,Z Event Company,New Orleans,LA,4.8,16,70,prospect,https://www.zeventco.com/,(504) 510-5838,"634 Orange St, New Orleans, LA 70130, USA",,,,18aa7200-e628-4d13-b123-4481f5819615
1,bachelorette-planner,Bachelorette Party Planners & Concierges,feeder,atlanta,"Lemiga Events, LLC",Atlanta,GA,4.5,15,70,prospect,http://www.lemiga.com/,(404) 704-0725,"2480 Briarcliff Rd NE Ste 6, Atlanta, GA 30329, USA",,,,bfccce1a-9392-4a02-b1b2-9164135e9207
1,bachelorette-planner,Bachelorette Party Planners & Concierges,feeder,atlanta,Atlanta Party Ride,Sandy Springs,GA,4.3,15,70,prospect,https://atlantapartyride.com/,(404) 500-6548,"120 Northwood Dr, Sandy Springs, GA 30342, USA",,,,bc89a514-870e-4c81-9e46-ebd2e43dcdab
1,bachelorette-planner,Bachelorette Party Planners & Concierges,feeder,birmingham,DESIGNER OCCASIONS BY ROSE LLC,Birmingham,AL,5,15,70,prospect,https://designeroccasions.com/,(205) 526-0020,"1601 5th Ave N Suite 141, Birmingham, AL 35203, USA",,,,ce9c11c7-1ee2-453e-ad01-623abd553619
1,bachelorette-planner,Bachelorette Party Planners & Concierges,feeder,birmingham,Mariee Ami,Birmingham,AL,5,15,70,prospect,http://www.marieeami.com/,(205) 870-4205,"813 Shades Creek Pkwy Suite 105, Birmingham, AL 35209, USA",,,,2891aa45-1b54-4cdc-a7ce-82ef5ae276a4
1,bachelorette-planner,Bachelorette Party Planners & Concierges,feeder,birmingham,Invision Events,Vestavia Hills,AL,5,15,70,prospect,http://www.invision.events/,(205) 440-2933,"732 Montgomery Hwy #268, Vestavia Hills, AL 35216, USA",,,,f51235a3-d9e8-4da0-b657-169bff3d46e3
1,bachelorette-planner,Bachelorette Party Planners & Concierges,feeder,birmingham,Solspire Travel,Birmingham,AL,5,15,70,prospect,http://www.solspiretravel.com/,(205) 259-3957,"269 Griffin Park Trace, Birmingham, AL 35242, USA",,,,078b5a1c-97a5-41ec-b63d-6c494f58906b
1,bachelorette-planner,Bachelorette Party Planners & Concierges,feeder,birmingham,Travel Modern,Birmingham,AL,5,15,70,prospect,https://www.travelmodern.com/,(205) 307-9995,"145 Main St, Birmingham, AL 35213, USA",,,,dc43997c-d98b-4b9f-8cf7-46bffc9707db
1,bachelorette-planner,Bachelorette Party Planners & Concierges,feeder,nashville,The Luxury Travel Agency,Nashville,TN,5,15,70,prospect,https://www.theluxurytravelagency.com/,(615) 955-5525,"2021 Richard Jones Rd #350A, Nashville, TN 37215, USA",,,,822d68ff-4453-45f4-b35d-7a00e70886ff
1,bachelorette-planner,Bachelorette Party Planners & Concierges,feeder,houston,Party Favours Events,Houston,TX,5,15,70,prospect,https://www.partyfavoursevents.com/?utm_source=google&utm_medium=wix_google_business_profile&utm_campaign=17158530350175292339,,"3050 Post Oak Blvd UNIT 510, Houston, TX 77056, USA",,,,954882a7-7deb-46db-ac31-c1a2b7b86506
1,bachelorette-planner,Bachelorette Party Planners & Concierges,feeder,atlanta,Better Travel Planning,Lawrenceville,GA,5,14,70,prospect,https://bettertravelplanning.com/,,"and Horizon Drive area, Old Peachtree Rd NE #6853, Lawrenceville, GA 30043, USA",,,,0ed126f6-8762-4aee-afc7-5d186dea5341
1,bachelorette-planner,Bachelorette Party Planners & Concierges,local,30a,Pro Event Planners,Miramar,FL,5,14,80,prospect,https://myproeventplanners.com/,(754) 246-2231,"Private, Miramar, FL 33023, USA",,,,74d757de-83bc-429c-a757-9289f0ad31e0
1,bachelorette-planner,Bachelorette Party Planners & Concierges,feeder,atlanta,Personal Touch Getaways,Athens,GA,5,14,70,prospect,https://www.personaltouchgetaways.com/,(706) 255-9301,"700 Mitchell Bridge Rd, Athens, GA 30606, USA",,,,378ae2c6-f6f9-408c-95c9-681133fdee2a
1,bachelorette-planner,Bachelorette Party Planners & Concierges,feeder,birmingham,"Dreamgate Events - Wedding Planner, Event Coordinator, Corporate, Social, & Nonprofit",Pelham,AL,5,14,70,prospect,https://dreamgateevents.com/,(205) 848-6343,"119 Cedar Cove Dr, Pelham, AL 35124, USA",,,,1934bc21-e32d-4ec4-9017-eb9c08247225
1,bachelorette-planner,Bachelorette Party Planners & Concierges,feeder,birmingham,The Missy Georgia Experience,Birmingham,AL,5,14,70,prospect,https://themissygeorgiaexperience.com/,(205) 862-9081,"1430 Gadsden Hwy Ste 116, Birmingham, AL 35235, USA",,,,14282d09-3e8d-4ab0-81b4-a67423be7246
1,bachelorette-planner,Bachelorette Party Planners & Concierges,feeder,birmingham,Cruise Planners - Exploring Dreams Together,Moody,AL,5,14,70,prospect,http://www.exploringdreamstogether.com/,(256) 836-4700,"Verbena Dr, Moody, AL 35004, USA",,,,e859a376-0a69-49b0-ac86-4c1da71ed990
1,bachelorette-planner,Bachelorette Party Planners & Concierges,feeder,birmingham,MaryDeeTravel,Mountain Brook,AL,5,14,70,prospect,http://marydeetravel.com/,(205) 454-4999,"2900 Cahaba Rd Suite 100D, Mountain Brook, AL 35223, USA",,,,ed003d86-2241-4374-a9d0-1178a050d598
1,bachelorette-planner,Bachelorette Party Planners & Concierges,feeder,new_orleans,"Lagniappe Travel Services, Inc.",Metairie,LA,4.7,14,70,prospect,http://www.lagniappetravel.com/,(504) 582-2220,"Greater New Orleans Area, 719 Bonnabel Blvd, Metairie, LA 70005, USA",,,,b8454e12-21a8-476d-a8fb-90caed3264b5
1,bachelorette-planner,Bachelorette Party Planners & Concierges,local,30a,Boutique Event Planners,Jupiter,FL,5,13,80,prospect,https://boutiqueeventplanners.com/,(954) 682-9735,"12311 186th St N, Jupiter, FL 33478, USA",,,,933849d2-b8c7-49f7-a94b-dd3ed0bfde30
1,bachelorette-planner,Bachelorette Party Planners & Concierges,feeder,nashville,Vibewell | Travel & Wedding Planning,Brentwood,TN,5,13,70,prospect,https://www.vibewellvoyages.com/,(629) 267-2194,"6688 Nolensville Pk #108, Brentwood, TN 37027, USA",,,,42f89061-f698-4b3d-9f31-2f4beecee07f
1,bachelorette-planner,Bachelorette Party Planners & Concierges,feeder,new_orleans,Wink Design & Events,New Orleans,LA,5,13,70,prospect,http://winkdesignandevents.com/,(504) 366-8063,"1519 Tchoupitoulas St, New Orleans, LA 70130, USA",,,,e48db2c5-0292-4a62-aae0-e1be7be89e43
1,bachelorette-planner,Bachelorette Party Planners & Concierges,feeder,new_orleans,Vacations At Sea,New Orleans,LA,5,13,70,prospect,http://www.seavacations.com/,(504) 482-1572,"4919 Canal St, New Orleans, LA 70119, USA",,,,1a0c6dda-3bff-499f-9fcc-a254c32878e3
1,bachelorette-planner,Bachelorette Party Planners & Concierges,feeder,dallas,a little party co,Dallas,TX,5,13,70,prospect,http://alittlepartyco.com/,,"2931 Irving Blvd #101, Dallas, TX 75247, USA",,,,3e99319c-8499-40fc-b36a-a0e495c8e1c4
1,bachelorette-planner,Bachelorette Party Planners & Concierges,feeder,houston,Sarah Qey Travel,Houston,TX,3.8,13,70,prospect,http://www.sarahqeytravel.com/,(713) 485-4645,"6405 Teal Run Dr, Houston, TX 77035, USA",,,,ad308e12-b574-4e64-a687-cf58860280a3
1,bachelorette-planner,Bachelorette Party Planners & Concierges,local,30a,Lavish Life 30A,Santa Rosa Beach,FL,5,12,80,prospect,https://lavishlife30a.com/,(309) 361-4633,"Exuma Wy, Santa Rosa Beach, FL 32459, USA",,,,b8d0c28a-1681-4f26-af71-f8ec7de34a28
1,bachelorette-planner,Bachelorette Party Planners & Concierges,local,30a,The Eventful Planner,Destin,FL,4.6,12,80,prospect,http://www.theeventfulplanner.com/,(850) 460-4023,"150 Industrial Park Rd UNIT 2, Destin, FL 32541, USA",,,,b93f974b-98ef-4442-a27b-079fcb4252ff
1,bachelorette-planner,Bachelorette Party Planners & Concierges,local,30a,Princess Wedding Destin,Destin,FL,5,12,80,prospect,https://prwedding.com/,(850) 320-8291,"318 Spanish Moss Trail, Destin, FL 32541, USA",,,,4a0dad79-8296-4566-ac84-526885656272
1,bachelorette-planner,Bachelorette Party Planners & Concierges,feeder,atlanta,GRACEFUL EVENTS & RENTALS LLC,Marietta,GA,5,12,70,prospect,,(470) 255-4876,"371 Pat Mell Rd SE Suite 125, Marietta, GA 30060, USA",,,,97b5a16f-e68a-44be-aad3-3341a66fe941
1,bachelorette-planner,Bachelorette Party Planners & Concierges,feeder,new_orleans,New Orleans Custom Tours,New Orleans,LA,4.1,12,70,prospect,http://www.neworleanscustomtour.com/,(504) 451-5337,"620 Decatur St, New Orleans, LA 70130, USA",,,,db35032f-c0a7-45d5-a559-040361825fff
1,bachelorette-planner,Bachelorette Party Planners & Concierges,feeder,houston,Enchanted Dreamer Getaways,Houston,TX,5,12,70,prospect,https://enchanteddreamergetawaystravel.wordpress.com/,(832) 543-3774,"1500 Hadley St, Houston, TX 77002, USA",,,,64bff6f8-9a8c-4090-abfd-261d59ab69e8
1,bachelorette-planner,Bachelorette Party Planners & Concierges,local,30a,Western Green,Alys Beach,FL,4.6,11,80,prospect,,,"135 New Providence Ln, Alys Beach, FL 32461, USA",,,,6e8fc343-a612-4c5f-b7ed-a112c5f3d19c
1,bachelorette-planner,Bachelorette Party Planners & Concierges,feeder,atlanta,Events By Monet,Atlanta,GA,5,11,70,prospect,https://www.eventsbymonet.net/,,"3500 Peachtree Rd NE suite 1500, Atlanta, GA 30326, USA",,,,17631daf-4972-4651-a5a0-e864f0159dbf
1,bachelorette-planner,Bachelorette Party Planners & Concierges,feeder,new_orleans,Urban Earth Studios,New Orleans,LA,4.5,11,70,prospect,https://www.urbanearthstudios.com/,(504) 524-0100,"1221 Constance St, New Orleans, LA 70130, USA",,,,77828440-77ae-435e-b12e-c36b8c5723dc
1,bachelorette-planner,Bachelorette Party Planners & Concierges,feeder,dallas,We HRTS Travel-Cruise Planners,Lewisville,TX,5,11,70,prospect,http://www.wehrtstravel.com/,(972) 395-4787,"810 King Ban Dr, Lewisville, TX 75056, USA",,,,56f7a39f-c0ca-4441-a4b4-93d92a521a1c
1,bachelorette-planner,Bachelorette Party Planners & Concierges,feeder,birmingham,Laya Events & Rentals,Birmingham,AL,4.7,10,70,prospect,http://www.facebook.com/eventsatlaya,(205) 683-5509,"Birmingham, AL 35203, USA",,,,45a909b5-073e-4b25-bb92-7f4be7defd5b
1,bachelorette-planner,Bachelorette Party Planners & Concierges,feeder,atlanta,Luxe Xperiences by Logan Event Company,Atlanta,GA,5,10,70,prospect,,(678) 243-0311,"1700 Northside Dr NW, Atlanta, GA 30318, USA",,,,5c646077-907f-4458-8e8b-895f1cbb3a22
1,bachelorette-planner,Bachelorette Party Planners & Concierges,feeder,atlanta,Playground Atlanta,Atlanta,GA,3.7,10,70,prospect,,(888) 878-7430,"3060 Pharr Ct N Northwest Suite 17, Atlanta, GA 30305, USA",,,,6550b170-4969-4669-a073-03627637f6a0
1,bachelorette-planner,Bachelorette Party Planners & Concierges,feeder,atlanta,A T S Travel And Tours,Marietta,GA,4.2,10,70,prospect,http://www.alphatravelsvcs.com/,(770) 693-2485,"1166 Franklin Gateway SE #11, Marietta, GA 30067, USA",,,,6d571c01-8419-4f11-b3b2-5ee1a044a011
1,bachelorette-planner,Bachelorette Party Planners & Concierges,feeder,new_orleans,New Orleans VIP Experience,New Orleans,LA,5,10,70,prospect,https://neworleansvipexperience.com/,(504) 606-6261,"1524 Edwards Ave #2, New Orleans, LA 70123, USA",,,,a059fe99-32ca-4829-b423-ac8a144132d0
1,bachelorette-planner,Bachelorette Party Planners & Concierges,feeder,dallas,The Soirée Girl,Farmers Branch,TX,5,10,70,prospect,https://www.thesoireegirl.com/,(469) 223-4397,"4653 Nall Rd, Farmers Branch, TX 75244, USA",,,,f906a6ce-80be-464d-8431-402b75ac33e8
1,bachelorette-planner,Bachelorette Party Planners & Concierges,feeder,dallas,Black Girls Travel Too,Fort Worth,TX,4.6,10,70,prospect,https://www.blackgirlstraveltoo.com/,(817) 430-4066,"8553 N Beach St Suite 138, Fort Worth, TX 76244, USA",,,,980f7084-c602-497b-88d9-9910bb76f0b2
1,bachelorette-planner,Bachelorette Party Planners & Concierges,local,30a,A Rogue Idea Event Planning Services,Fort Walton Beach,FL,4.8,9,80,prospect,http://www.arogueidea.com/,(850) 466-8326,"407 Cheyenne Cir, Fort Walton Beach, FL 32547, USA",,,,4dfcdff8-805a-4cc0-b15a-9ddf311587b8
1,bachelorette-planner,Bachelorette Party Planners & Concierges,feeder,birmingham,Travel Designers Inc,Birmingham,AL,4.3,9,70,prospect,,(205) 251-7666,"2101 Magnolia Ave S #405, Birmingham, AL 35205, USA",,,,6fc58cb1-5f3e-4832-9729-f3870f1c6cd8
1,bachelorette-planner,Bachelorette Party Planners & Concierges,feeder,dallas,ThinkAthens,Dallas,TX,5,9,70,prospect,http://travelab.agency/,(214) 432-0303,"5383 Southern Blvd Suite 452, Dallas, TX 75240, USA",,,,9b13c875-b9e8-4e34-84c3-16823726666a
1,bachelorette-planner,Bachelorette Party Planners & Concierges,feeder,houston,We Plan You Party,Humble,TX,5,9,70,prospect,https://we-plan-you-party.com/,(281) 393-7526,"Woodland Hills Dr, Humble, TX 77396, USA",,,,e0afc1f9-0543-44d2-929c-5a3e77831d65
1,bachelorette-planner,Bachelorette Party Planners & Concierges,local,30a,Concierge Cottages,Santa Rosa Beach,FL,5,8,80,prospect,http://www.myconciergecottages.com/,(850) 270-3444,"65 Sugar Sand Ln, Santa Rosa Beach, FL 32459, USA",,,,1abd872b-5dab-4c87-ab25-ad101b0ec999
1,bachelorette-planner,Bachelorette Party Planners & Concierges,feeder,birmingham,Designed By A Diva Events,Birmingham,AL,3.5,8,70,prospect,http://www.designedbyadivaevents.com/,(888) 290-2638,"181 W Valley Ave STE 245 #253, Birmingham, AL 35209, USA",,,,cb84ae8c-ecb9-4fb2-ae45-b2df3b19db01
1,bachelorette-planner,Bachelorette Party Planners & Concierges,feeder,new_orleans,"Tara Jones, Luxury Travel Advisor, CCTC Travel Group",New Orleans,LA,5,8,70,prospect,http://www.luxuratravel.com/,(504) 298-1761,"2915 Napoleon Ave, New Orleans, LA 70115, USA",,,,8966aa68-4b8d-4daa-9e73-646b64630585
1,bachelorette-planner,Bachelorette Party Planners & Concierges,feeder,new_orleans,Leatta Perdue of Travel Central,Metairie,LA,5,8,70,prospect,http://vacationsdepartment.com/,(504) 834-7000,"3017 12th St, Metairie, LA 70002, USA",,,,ebdcac92-09f5-42f2-a270-6dde7eb70b52
1,bachelorette-planner,Bachelorette Party Planners & Concierges,local,30a,Longleaf Event Rentals,,FL,5,7,80,prospect,https://longleafevents.com/,(850) 483-0818,"47 Heartwood St, Inlet Beach, FL 32461, USA",,,,937a3f72-e1a0-4821-8f1e-07686ded4bd8
1,bachelorette-planner,Bachelorette Party Planners & Concierges,local,30a,Cupid Beach Wedding Florida,Miramar,FL,4.3,7,80,prospect,,(754) 333-0173,"6625 Arbor Dr, Miramar, FL 33023, USA",,,,10251560-21b9-4b90-afb9-43ea07ca9dc3
1,bachelorette-planner,Bachelorette Party Planners & Concierges,feeder,new_orleans,Party Bike Ride - Light Up!,New Orleans,LA,4.9,7,70,prospect,http://partybikeride.com/,(504) 521-6390,"1121 Margaret Pl, New Orleans, LA 70130, USA",,,,59270097-8f75-4912-b588-3e659277623c
1,bachelorette-planner,Bachelorette Party Planners & Concierges,feeder,houston,Devoted Mom Travel,Houston,TX,5,7,70,prospect,https://app.elify.com/vbc/zeosl2nbxx,(346) 349-0919,"350 N Sam Houston Pkwy E 200 W Post Office, Eagle Lake, TX 77434, Houston, TX 77060, USA",,,,dde4fe90-1921-4ff6-bba6-cf44c9ff0dfc
1,bachelorette-planner,Bachelorette Party Planners & Concierges,feeder,atlanta,Cedez Travel Agency,Atlanta,GA,5,6,70,prospect,http://cedeztravel.com/,(888) 360-6511,"794 Marietta St NW, Atlanta, GA 30318, USA",,,,3951bd76-899e-4ee6-bf78-9745917f2828
1,bachelorette-planner,Bachelorette Party Planners & Concierges,feeder,birmingham,"Stacie Latrelle, LLC",Birmingham,AL,5,6,70,prospect,http://www.stacielatrelle.com/,(205) 538-2513,"1601 5th Ave N Suite 219, Birmingham, AL 35203, USA",,,,fc514cfd-4af1-42fe-a27b-d87626417c3f
1,bachelorette-planner,Bachelorette Party Planners & Concierges,feeder,new_orleans,Outside The Boxx Events LLC,Ponchatoula,LA,5,6,70,prospect,http://www.outsidetheboxxevents.com/,(985) 956-9911,"655 E Beech St, Ponchatoula, LA 70454, USA",,,,491c295c-a9ad-4f8b-8d76-d370f80e2913
1,bachelorette-planner,Bachelorette Party Planners & Concierges,feeder,dallas,Fly with Fabulous Travel L.L.C.,Dallas,TX,5,6,70,prospect,http://www.flywithfabuloustravel.net/,(972) 282-0239,"5132 Westgrove Dr, Dallas, TX 75248, USA",,,,4aa597ec-1d3e-472b-807c-9f88ac597c33
1,bachelorette-planner,Bachelorette Party Planners & Concierges,feeder,dallas,The Party Planners,Dallas,TX,5,6,70,prospect,http://www.thepartyplannerstx.com/,(972) 499-5907,"Suite #1, 2526 Joe Field Rd #11, Dallas, TX 75229, USA",,,,3bd117eb-f838-4625-838c-5af9ccbc295c
1,bachelorette-planner,Bachelorette Party Planners & Concierges,feeder,houston,"Wonderful Trips, LLC",Tomball,TX,5,6,70,prospect,https://www.wonderfultrips.com/about-us.html,(713) 899-0130,"17503 Seidel Rd, Tomball, TX 77377, USA",,,,03a6c380-eaa4-4e15-b189-86dd54093005
1,bachelorette-planner,Bachelorette Party Planners & Concierges,local,30a,Beach Daze Entertainment LLC,Fort Lauderdale,FL,5,5,80,prospect,http://beachdaze.info/,(954) 947-0060,"3980 W Broward Blvd Suite 304, Fort Lauderdale, FL 33312, USA",,,,0baf999f-112b-4853-9d9b-c7f5e485d5e2
1,bachelorette-planner,Bachelorette Party Planners & Concierges,local,30a,"D' Amore Creations, LLC",Destin,FL,5,5,80,prospect,http://damorecreations.com/,(850) 964-9179,"1000 Airport Rd, Destin, FL 32541, USA",,,,cc0a32ee-5fbc-410c-bfb7-96a55f656ffd
1,bachelorette-planner,Bachelorette Party Planners & Concierges,feeder,atlanta,Taylor & Co. Travel,Marietta,GA,5,5,70,prospect,https://www.taylorandcotravel.com/,(888) 489-6465,"Hours By Appointment Only, 1209 Everwood Dr SW, Marietta, GA 30008, USA",,,,feb3e048-56e6-4c81-93e2-6d82d9dd4880
1,bachelorette-planner,Bachelorette Party Planners & Concierges,feeder,houston,Imagine That! Design & Decor (Party Planning & Rentals),Spring,TX,5,5,70,prospect,http://www.imaginethatco.com/,(832) 576-4930,"17802 Strack Dr E, Spring, TX 77379, USA",,,,5c73743c-f043-4a86-837a-280b133f17c8
1,bachelorette-planner,Bachelorette Party Planners & Concierges,local,30a,"Coastal Concierge, Santa Rosa Beach FL",Santa Rosa Beach,FL,5,4,80,prospect,http://www.30aconcierge.com/,(850) 687-8395,"30 Ventana Blvd, Santa Rosa Beach, FL 32459, USA",,,,e06f0766-bd53-47db-a106-6e5909b73427
1,bachelorette-planner,Bachelorette Party Planners & Concierges,feeder,atlanta,"The Pop-Up Soirée, LLC",Atlanta,GA,5,4,70,prospect,https://www.thepop-upsoiree.com/?utm_source=google&utm_medium=wix_google_business_profile&utm_campaign=6007951733724538252,(470) 223-1806,"200 Sidney Marcus Trail, Atlanta, GA 30324, USA",,,,de4590b7-9199-4ddf-8f66-d7dcd9cadc89
1,bachelorette-planner,Bachelorette Party Planners & Concierges,feeder,nashville,Hunky Butlers Nashville - Bachelorette Party Butlers,Nashville,TN,5,4,70,prospect,https://hunkybutlers.com/party-butlers-nashville/,,"1 Music Cir N, Nashville, TN 37203, USA",,,,82401bfa-f3ce-454f-811f-9c3f9bcb75fb
1,bachelorette-planner,Bachelorette Party Planners & Concierges,feeder,new_orleans,Gone With the Wind Travel Agency,Metairie,LA,4,4,70,prospect,http://www.gwtwtravel.com/,(504) 888-9198,"4051 Veterans Memorial Blvd, Metairie, LA 70002, USA",,,,c7761132-5530-4440-b3eb-459a188bc1dd
1,bachelorette-planner,Bachelorette Party Planners & Concierges,feeder,dallas,"Texas Girl Travel, LLC.",Sugar Land,TX,5,4,70,prospect,http://www.texasgirltravel.com/,(281) 915-9655,"14090 Southwest Fwy Suite 300-759, Sugar Land, TX 77478, USA",,,,8f77de78-db68-4ed0-8668-1b2e01d648a8
1,bachelorette-planner,Bachelorette Party Planners & Concierges,feeder,atlanta,Marietta Pilgrimage,Marietta,GA,3.3,3,70,prospect,http://mariettapilgrimage.com/,(770) 429-1115,"4 Depot St NE, Marietta, GA 30060, USA",,,,2de6fd4e-5599-4754-bed4-fe98aefe1d71
1,bachelorette-planner,Bachelorette Party Planners & Concierges,feeder,new_orleans,4T Cruise & Travel Planner,New Orleans,LA,3,3,70,prospect,,(504) 418-1606,"1215 Gallier St, New Orleans, LA 70117, USA",,,,b1057e36-b2ab-449b-ba46-b4a777eddafd
1,bachelorette-planner,Bachelorette Party Planners & Concierges,local,30a,Definitiva.Co,Miramar,FL,5,3,80,prospect,https://definitiva.co/,(305) 929-3293,"4270 SW 118 Ln, Miramar, FL 33025, USA",,,,dc8f1c59-18ba-4199-b4f8-e30ab9f6f1f2
1,bachelorette-planner,Bachelorette Party Planners & Concierges,local,30a,"Parties Unilimited, LLC",Destin,FL,5,3,80,prospect,http://www.partiesunlimited.net/,(850) 496-5511,"347 Baywinds Dr, Destin, FL 32541, USA",,,,aac51530-9a68-4b28-8478-3de39b60ec98
1,bachelorette-planner,Bachelorette Party Planners & Concierges,feeder,birmingham,Travel Planners Inc,Mountain Brook,AL,4.7,3,70,prospect,http://www.travelpi.com/,(205) 870-3031,"3918 Montclair Rd # 216, Mountain Brook, AL 35213, USA",,,,5553821e-ed50-45f7-82a9-7284ff9092a9
1,bachelorette-planner,Bachelorette Party Planners & Concierges,feeder,birmingham,Birmingham Honeymoon,Birmingham,AL,5,3,70,prospect,https://www.bhamhoneymoon.com/,(205) 601-4355,"2012 Eagle Crest Ct, Birmingham, AL 35242, USA",,,,a9d90a40-594b-40f5-86bd-d390c68943b3
1,bachelorette-planner,Bachelorette Party Planners & Concierges,feeder,new_orleans,Bourbon Balconies,New Orleans,LA,4.7,3,70,prospect,,(504) 813-4882,"5131 Conti St, New Orleans, LA 70124, USA",,,,b23a9236-4998-4661-ab83-6452b750153f
1,bachelorette-planner,Bachelorette Party Planners & Concierges,feeder,dallas,Whitehaven Events,Dallas,TX,5,3,70,prospect,http://whitehavenevents.com/,(940) 597-3057,"4200 Oak Lawn Ave, Dallas, TX 75205, USA",,,,d984bc35-dfd5-4a6f-805f-371de09644be
1,bachelorette-planner,Bachelorette Party Planners & Concierges,feeder,houston,The Bachelor Party Hookup Houston,Houston,TX,5,3,70,prospect,https://www.thebachelorpartyhookup.com/female-strippers-huston-tx,(888) 576-0062,"1239 N Durham Dr, Houston, TX 77008, USA",,,,0a7f3e74-cba5-4d48-95a5-cb6a9978fe0e
1,bachelorette-planner,Bachelorette Party Planners & Concierges,feeder,houston,Sunhatlady Travel,Houston,TX,5,3,70,prospect,http://www.sunhatlady.com/,(346) 254-5276,"Bent Spur Ln, Houston, TX 77064, USA",,,,bffb268d-e338-4042-b9e1-345ba9581edb
1,bachelorette-planner,Bachelorette Party Planners & Concierges,local,30a,Girls Getaway Boat Charters,Ponce Inlet,FL,5,2,80,prospect,https://girlsgetawayboat.com/,(386) 451-3979,"4950 S Peninsula Dr, Ponce Inlet, FL 32127, USA",,,,cc42264f-1805-4c7a-a261-9ace69b6eea8
1,bachelorette-planner,Bachelorette Party Planners & Concierges,feeder,nashville,BLOOM Personalized Parties and Event Planning,Franklin,NC,5,2,70,prospect,,(828) 342-4430,"92 A Stewart St, Franklin, NC 28734, USA",,,,47dfc99b-dee4-4ae3-9efb-58165073dbd2
1,bachelorette-planner,Bachelorette Party Planners & Concierges,feeder,nashville,The Travel Girl Company,Franklin,VA,5,2,70,prospect,http://www.thetravelgirlcompany.com/,(757) 556-3003,"218 Middle St, Franklin, VA 23851, USA",,,,429cc000-3d86-41d4-936c-fe621135b0b2
1,bachelorette-planner,Bachelorette Party Planners & Concierges,feeder,new_orleans,Gas Lantern Experiences,New Orleans,LA,5,2,70,prospect,http://www.gaslanternexperiences.com/,(504) 232-7936,"5658 Marshal Foch, New Orleans, LA 70124, USA",,,,155fefff-e813-430f-bd01-e722ab611087
1,bachelorette-planner,Bachelorette Party Planners & Concierges,feeder,new_orleans,Party Buses New Orleans,New Orleans,LA,5,2,70,prospect,https://www.partybuses.net/party-bus-new-orleans/,(504) 459-0898,"1338 Franklin Ave, New Orleans, LA 70117, USA",,,,ddfef694-d017-43ed-af81-d1cefcdf8911
1,bachelorette-planner,Bachelorette Party Planners & Concierges,feeder,new_orleans,The Event Glossary,Metairie,LA,5,2,70,prospect,https://eventglossary.com/,(504) 510-5838,"508 Metairie Rd, Metairie, LA 70005, USA",,,,4f09cb31-0491-4d3e-a1b9-9bfbd419c3fd
1,bachelorette-planner,Bachelorette Party Planners & Concierges,feeder,new_orleans,Horizon Travel Group Inc,Metairie,LA,5,2,70,prospect,,(504) 885-0135,"700 N Causeway Blvd, Metairie, LA 70001, USA",,,,f320f6cd-45ca-4d52-b0ba-2ef23ce8c585
1,bachelorette-planner,Bachelorette Party Planners & Concierges,feeder,dallas,Let's Go Travel,Dallas,TX,5,2,70,prospect,,,"3216 Cornell Ave, Dallas, TX 75205, USA",,,,b094ae54-e9ea-4f6b-8b5e-a94ddc5a0531
1,bachelorette-planner,Bachelorette Party Planners & Concierges,feeder,atlanta,Bday.vip,Marietta,GA,5,1,70,prospect,https://www.bday.vip/,(888) 894-0077,"366 Powder Springs St SW, Marietta, GA 30064, USA",,,,35dea4e6-cbbc-49d5-88e5-7253293277b1
1,bachelorette-planner,Bachelorette Party Planners & Concierges,feeder,houston,Hunky Butlers Houston - Bachelorette Party Butlers,Houston,TX,5,1,70,prospect,https://hunkybutlers.com/party-butlers-houston/,,"2515 Bagby St, Houston, TX 77006, USA",,,,1750b521-f61a-45f3-9cc6-8912c12c642a
1,bachelorette-planner,Bachelorette Party Planners & Concierges,local,30a,Emerald Coast Florals & Event Design,Miramar Beach,FL,5,1,80,prospect,https://ecflorals.com/about-us/,(850) 830-5153,"11275 Emerald Coast Pkwy W, Miramar Beach, FL 32550, USA",,,,e2f1a798-aa7a-4709-96c8-bbe0b79221bf
1,bachelorette-planner,Bachelorette Party Planners & Concierges,local,30a,Bay to Bay Concierge & Events,Tierra Verde,FL,5,1,80,prospect,http://www.baytobay.net/contact,(727) 458-5876,"1375 Pinellas Bayway S, Tierra Verde, FL 33715, USA",,,,d77e859e-485f-46e9-b5f0-cc7b82d307ae
1,bachelorette-planner,Bachelorette Party Planners & Concierges,feeder,atlanta,Bella Travel Planning,Atlanta,GA,5,1,70,prospect,https://bellatravelplanning.com/,(770) 702-0787,"3445 Stratford Rd NE, Atlanta, GA 30326, USA",,,,b8e0dc23-303a-4038-91c4-52d82d89e88c
1,bachelorette-planner,Bachelorette Party Planners & Concierges,feeder,new_orleans,Hosts New Orleans Destination Management Company,New Orleans,LA,5,1,70,prospect,https://hosts-global.com/louisiana/?utm_source=google&utm_medium=organic&utm_campaign=gmb,(702) 798-0000,"365 Canal St # 1400, New Orleans, LA 70130, USA",,,,b5c6a84f-9942-461d-b6b5-bac82ab0d44e
1,bachelorette-planner,Bachelorette Party Planners & Concierges,feeder,new_orleans,Harmony Adventures Inc,Metairie,LA,5,1,70,prospect,http://www.hatravel.com/,(504) 836-6070,"2116 N Causeway Blvd, Metairie, LA 70001, USA",,,,78b45c2e-58af-4795-a98f-5b4f7e8ecdad
1,bachelorette-planner,Bachelorette Party Planners & Concierges,feeder,new_orleans,Designer Travel,Metairie,LA,5,1,70,prospect,http://www.designertravel.info/,(504) 835-3200,"2801 Metairie Ct, Metairie, LA 70002, USA",,,,791f364c-4bb8-49c9-ae57-7d14b5a96276
1,bachelorette-planner,Bachelorette Party Planners & Concierges,local,30a,Wedding Planner In Santa Rosa Beach,Santa Rosa Beach,FL,,,80,prospect,,(850) 258-0041,"2914 Chat Holley Rd, Santa Rosa Beach, FL 32459, USA",,,,b18adc8d-821d-4321-a036-13de0fef8358
1,bachelorette-planner,Bachelorette Party Planners & Concierges,feeder,new_orleans,Adventure Travel Planners,Kenner,LA,,,70,prospect,http://www.adventuretravelplanners.com/,(504) 712-5222,"Kenner, LA 70065, USA",,,,64365cf9-ecc8-4a12-87ea-84918c71d7bb
1,bachelorette-planner,Bachelorette Party Planners & Concierges,feeder,atlanta,"Memories Made Events, LLC",Atlanta,GA,,,70,prospect,https://www.memoriesmadeevents.com/,(888) 479-4745,"3355 Lenox Rd NE suite 1000, Atlanta, GA 30326, USA",,,,edcfbd96-c158-4759-8e6b-0a2a9bd5e976
1,bachelorette-planner,Bachelorette Party Planners & Concierges,feeder,atlanta,Soirée Planner Inc.,Kennesaw,GA,,,70,prospect,https://soireeplanner.netlify.app/,(770) 899-9633,"Online, Kennesaw, GA 30144, USA",,,,b9e87683-bc8a-4eda-9139-f6034767517c
1,bachelorette-planner,Bachelorette Party Planners & Concierges,feeder,nashville,Nashville Bachelorette Party,Nashville,TN,,,70,prospect,http://www.nashvillebacheloretteparty.com/,(615) 433-5594,"3206 Long Blvd APT 102, Nashville, TN 37203, USA",,,,6f8e612f-d6a3-4d32-992f-f2cd83bdb690
1,bachelorette-planner,Bachelorette Party Planners & Concierges,feeder,nashville,Luxury Bachelorette,Nashville,TN,,,70,prospect,,(954) 303-0724,"P.O. Box, #281313, Nashville, TN 37228, USA",,,,f8eb41d4-784a-458d-a327-ee7ea4694d32
1,bachelorette-planner,Bachelorette Party Planners & Concierges,feeder,new_orleans,Travel Leaders,Metairie,LA,,,70,prospect,https://www.travelleaders.com/,(504) 832-0976,"701 Metairie Rd, Metairie, LA 70005, USA",,,,6605c5cd-fc69-4c5d-aefc-b2d6b67f83da
1,bachelorette-planner,Bachelorette Party Planners & Concierges,feeder,houston,Perfect Bachelorette or Girls Trip Houston Home!,Houston,TX,,,70,prospect,https://dreamchicagorentals.guestybookings.com/properties/6759dc28b97823000fd66a06,,"Houston, TX 77004, USA",,,,1bc6ba58-1ee8-4da7-bb0d-58a7cedade7d
1,bachelorette-planner,Bachelorette Party Planners & Concierges,feeder,houston,Girls' Night by Deede,Houston,TX,,,70,prospect,,(409) 433-9010,"17 Charleston Park Dr, Houston, TX 77025, USA",,,,e1783949-9d2c-428e-873c-4cc1bcd4147d
1,wedding-planner-feeder,Wedding Planners — Drive-Market Feeders,feeder,nashville,Marry Me of Tennessee,Murfreesboro,TN,4.9,417,70,prospect,https://www.marrymeoftennessee.com/,(615) 562-0952,"520 W Lytle St A, Murfreesboro, TN 37130, USA",,,,2de9ad5b-a6f4-4369-851b-64791b54d84e
1,wedding-planner-feeder,Wedding Planners — Drive-Market Feeders,feeder,new_orleans,Southern Oaks,New Orleans,LA,4.8,400,70,prospect,http://www.southernoaksweddings.com/,(504) 245-8221,"7816 Hayne Blvd, New Orleans, LA 70126, USA",,,,3e10a49c-f8e3-49ee-91af-1adb79e60c55
1,wedding-planner-feeder,Wedding Planners — Drive-Market Feeders,feeder,new_orleans,The Oaks Wedding & Events Center,Ponchatoula,LA,4.8,374,70,prospect,http://www.oakson22.com/,(985) 261-0088,"18444 LA-22, Ponchatoula, LA 70454, USA",,,,7c4f46f2-e302-4955-a2bf-9ea2b5fa8e7c
1,wedding-planner-feeder,Wedding Planners — Drive-Market Feeders,feeder,atlanta,Complete Weddings + Events,Marietta,GA,4.9,308,70,prospect,https://completewedo.com/atlanta/?utm_source=google&utm_medium=organic&utm_campaign=gmb,(770) 425-3535,"2100 Canton Rd Suite #130, Marietta, GA 30066, USA",,,,e130cbb0-a376-4fa2-b7b9-27c868ae9e63
1,wedding-planner-feeder,Wedding Planners — Drive-Market Feeders,feeder,nashville,CJ's Off the Square,Franklin,TN,5,308,70,prospect,https://cjsoffthesquare.com/,(615) 216-7576,"218 3rd Ave N, Franklin, TN 37064, USA",,,,3e32c220-b045-411f-812f-b4ee6653a4d5
1,wedding-planner-feeder,Wedding Planners — Drive-Market Feeders,feeder,atlanta,Primrose Cottage by Wedgewood Weddings,Roswell,GA,4.8,262,70,prospect,https://www.wedgewoodweddings.com/primrosecottage,(866) 966-3009,"674 Mimosa Blvd, Roswell, GA 30075, USA",,,,ec4dcbe0-76c8-4d44-88fd-5cedfba4b07a
1,wedding-planner-feeder,Wedding Planners — Drive-Market Feeders,feeder,birmingham,Carriage House Weddings,Mountain Brook,AL,5,258,70,prospect,http://www.carriagehouseweddings.com/,(205) 871-7759,"241 Rele St, Mountain Brook, AL 35223, USA",,,,61dc03a8-713a-4af4-9ed8-c2893ead6e91
1,wedding-planner-feeder,Wedding Planners — Drive-Market Feeders,feeder,birmingham,The Happy Catering Co,Homewood,AL,4.8,250,70,prospect,http://happycatering.net/,(205) 251-8925,"225 Oxmoor Cir #803, Homewood, AL 35209, USA",,,,2ca0babf-478e-4202-a113-f8f8d36a09e5
1,wedding-planner-feeder,Wedding Planners — Drive-Market Feeders,feeder,new_orleans,The Fleur De Lis Event Center,Mandeville,LA,4.7,239,70,prospect,http://www.fleurdeliseventcenter.com/,(985) 275-9592,"1645 N Causeway Blvd, Mandeville, LA 70471, USA",,,,4907c22c-eab5-4d7f-926d-a192060c57d2
1,wedding-planner-feeder,Wedding Planners — Drive-Market Feeders,feeder,new_orleans,Paradigm Gardens,New Orleans,LA,4.9,201,70,prospect,https://paradigmgardensnola.com/,(504) 233-3364,"1131 S Rampart St, New Orleans, LA 70113, USA",,,,89bed3d2-969a-4e8a-9256-78eec30077de
1,wedding-planner-feeder,Wedding Planners — Drive-Market Feeders,feeder,new_orleans,Benedict's Catering,Mandeville,LA,4.8,171,70,prospect,https://www.benedictsplantation.net/,(985) 626-4557,"1144 North Causeway Boulevard, Mandeville, 70448, Mandeville, LA 70471, USA",,,,433b0ac2-7d86-438c-a803-64633f4f85e5
1,wedding-planner-feeder,Wedding Planners — Drive-Market Feeders,feeder,birmingham,Engaged Wedding Library,Birmingham,AL,5,158,70,prospect,http://www.engagedbirmingham.com/,(205) 637-0735,"1018 Oxmoor Rd, Birmingham, AL 35209, USA",,,,14980a56-827d-4ba8-ad08-b5a5cfdc0361
1,wedding-planner-feeder,Wedding Planners — Drive-Market Feeders,feeder,nashville,Mint Springs Farm,Nolensville,TN,4.9,157,70,prospect,http://www.mintspringsfarmtn.com/,(615) 212-5529,"7730 Nolensville Rd, Nolensville, TN 37135, USA",,,,7c59d58b-e032-472f-97cc-90b8db9f8f3f
1,wedding-planner-feeder,Wedding Planners — Drive-Market Feeders,feeder,nashville,Southern Events Party Rental Company,Franklin,TN,4.9,150,70,prospect,https://www.southerneventsonline.com/,(615) 595-8508,"101 Alpha Dr, Franklin, TN 37064, USA",,,,294bd357-9804-4291-9bd0-998753d24ee1
1,wedding-planner-feeder,Wedding Planners — Drive-Market Feeders,feeder,atlanta,House Of BASH,Alpharetta,GA,4.8,132,70,prospect,https://houseofbash.net/,(678) 910-3166,"1815 Hembree Rd #410, Alpharetta, GA 30009, USA",,,,c9bd45fe-d17d-4a34-b871-3a8bbc1e154f
1,wedding-planner-feeder,Wedding Planners — Drive-Market Feeders,feeder,nashville,Cedarmont Farm,Franklin,TN,4.9,126,70,prospect,http://www.cedarmontfarm.com/,(615) 682-1815,"2030 Cedarmont Dr, Franklin, TN 37067, USA",,,,fd74dd58-7499-49d2-b5e1-b08df7b287ef
1,wedding-planner-feeder,Wedding Planners — Drive-Market Feeders,feeder,nashville,Weddings & Events by Raina,Murfreesboro,TN,5,120,70,prospect,http://eventsbyraina.com/,(615) 956-1313,"112 S Maple St, Murfreesboro, TN 37130, USA",,,,3ee8cc47-b260-4536-8a41-4f47ed130eee
1,wedding-planner-feeder,Wedding Planners — Drive-Market Feeders,feeder,atlanta,"Utopian Events, LLC",Alpharetta,GA,4.8,117,70,prospect,http://www.utopianevent.com/,(678) 570-4443,"6425 Industrial Way, Alpharetta, GA 30004, USA",,,,28fea521-8988-4b10-a1ff-08c49e833ef3
1,wedding-planner-feeder,Wedding Planners — Drive-Market Feeders,feeder,atlanta,W Events (Wildflower Wedding Planning Formerly),Chattanooga,TN,4.9,108,70,prospect,https://weventsco.com/,(423) 405-7615,"1400 Chestnut St #319, Chattanooga, TN 37402, USA",,,,576b0e23-e944-4d0e-82c5-de6b7bcf6031
1,wedding-planner-feeder,Wedding Planners — Drive-Market Feeders,feeder,new_orleans,NOLA DMC,New Orleans,LA,5,108,70,prospect,https://www.noladmc.com/?utm_source=google&utm_medium=gbph&utm_campaign=nola&utm_term=organictraffic,(504) 267-0662,"3715 Iberville St, New Orleans, LA 70119, USA",,,,c9c57b88-5e85-4fa0-81d1-f20191fa4fdf
1,wedding-planner-feeder,Wedding Planners — Drive-Market Feeders,feeder,birmingham,AL Weddings,Birmingham,AL,5,104,70,prospect,https://www.alweddingsllc.com/,(205) 605-9377,"277 Lyon Ln, Birmingham, AL 35211, USA",,,,c6442dd5-5535-422f-a5cd-84f11431117f
1,wedding-planner-feeder,Wedding Planners — Drive-Market Feeders,feeder,new_orleans,The Painted Porch,Covington,LA,5,99,70,prospect,https://tpp-cov.com/,(985) 327-2877,"827 Walker Alley, Covington, LA 70433, USA",,,,721b5bae-a5d2-4e81-ba39-f92bcc5b7b0e
1,wedding-planner-feeder,Wedding Planners — Drive-Market Feeders,feeder,new_orleans,The Greystone,Mandeville,LA,4.7,93,70,prospect,http://www.thegreystonevenue.com/,(985) 264-3464,"935 Clausel St, Mandeville, LA 70448, USA",,,,b3039476-5694-4106-8808-69fe067fdf02
1,wedding-planner-feeder,Wedding Planners — Drive-Market Feeders,feeder,birmingham,Avenue D Events,Birmingham,AL,4.9,91,70,prospect,http://www.avenuedbham.com/,(205) 202-4647,"3008 4th Ave S, Birmingham, AL 35233, USA",,,,1e6fcc87-59af-4b15-bb4e-6f133c66e8ad
1,wedding-planner-feeder,Wedding Planners — Drive-Market Feeders,feeder,atlanta,Laura Burchfield Events,Atlanta,GA,5,90,70,prospect,https://lauraburchfieldevents.com/,(770) 262-3245,"1054 St Charles Ave NE, Atlanta, GA 30306, USA",,,,48d4ec1d-72f1-4f28-82ec-18a476f9fd14
1,wedding-planner-feeder,Wedding Planners — Drive-Market Feeders,feeder,new_orleans,The Sadie Jane,Slidell,LA,4.7,88,70,prospect,http://www.thesadiejane.com/,(985) 643-6892,"405 Country Club Blvd, Slidell, LA 70458, USA",,,,5fe9bdb2-5254-4e36-a7e1-6dd88fe79bdc
1,wedding-planner-feeder,Wedding Planners — Drive-Market Feeders,feeder,atlanta,"In An Instant, LLC",Woodstock,GA,5,87,70,prospect,http://www.inaninstantevents.com/,(678) 910-9093,"902 W Oaks Dr, Woodstock, GA 30188, USA",,,,25562fe4-5add-437e-bb38-053ab9717a94
1,wedding-planner-feeder,Wedding Planners — Drive-Market Feeders,feeder,nashville,Vision in White Events,Nashville,TN,5,79,70,prospect,http://www.viwevents.com/,,"1144 Tuckahoe Dr, Nashville, TN 37207, USA",,,,daaa63e2-0d07-4881-a084-79b1a589ac83
1,wedding-planner-feeder,Wedding Planners — Drive-Market Feeders,feeder,atlanta,Sincerely Yours Events,Savannah,GA,4.9,77,70,prospect,http://www.sincerelyyoursevents.com/,(912) 376-9424,"127 Abercorn St Suite 408, Savannah, GA 31401, USA",,,,1380cffa-0313-47e9-b49b-4f5bd95295c3
1,wedding-planner-feeder,Wedding Planners — Drive-Market Feeders,feeder,new_orleans,The Barn of Pearl River,Pearl River,LA,4.4,71,70,prospect,http://www.thebarnofpearlriver.com/,(985) 956-1262,"37341 Jack Crawford Rd, Pearl River, LA 70452, USA",,,,b5fd6658-cf93-4224-9155-e78723f18d7d
1,wedding-planner-feeder,Wedding Planners — Drive-Market Feeders,feeder,atlanta,"Beautiful World Events, Inc.",Marietta,GA,4.9,67,70,prospect,http://beautifulworldevents.com/,(678) 457-8457,"1148 JVL Ct #130, Marietta, GA 30066, USA",,,,6dc098b1-d8f8-4dbf-b264-88619a017148
1,wedding-planner-feeder,Wedding Planners — Drive-Market Feeders,feeder,atlanta,Unique Events Weddings,Blairsville,GA,5,66,70,prospect,https://uniqueevents.org/,(706) 851-9106,"Hwy 515 W, Blairsville, GA 30512, USA",,,,e8900668-6676-45ce-8da2-ec157e43bf75
1,wedding-planner-feeder,Wedding Planners — Drive-Market Feeders,feeder,new_orleans,ACCENT New Orleans | Event Planning & Destination Management,New Orleans,LA,4.9,66,70,prospect,https://www.accent-dmc.com/,(504) 524-1227,"4300 S Carrollton Ave, New Orleans, LA 70119, USA",,,,a2bead51-6695-40ed-a9fa-81bff7b50c6a
1,wedding-planner-feeder,Wedding Planners — Drive-Market Feeders,feeder,atlanta,Sapphire Sky Events,Cumming,GA,4.9,64,70,prospect,https://www.sapphireskyevents.com/,(470) 664-6444,"2575 Business Dr, Cumming, GA 30028, USA",,,,93edea8f-d1fb-442e-9c0a-9671cb37e04c
1,wedding-planner-feeder,Wedding Planners — Drive-Market Feeders,feeder,atlanta,Arrowed Beginnings,Cleveland,GA,4.9,64,70,prospect,https://arrowedbeginnings.com/,,"19 E Jarrard St, Cleveland, GA 30528, USA",,,,108814ad-3e15-49cf-99a7-9179cce46852
1,wedding-planner-feeder,Wedding Planners — Drive-Market Feeders,feeder,nashville,Magnolia Wedding Company,Nashville,TN,5,64,70,prospect,https://magnoliaweddingcompany.com/,(970) 420-5831,"222 2nd Ave S, Nashville, TN 37201, USA",,,,f1af7f5a-6c2c-4859-9636-cb6f899da753
1,wedding-planner-feeder,Wedding Planners — Drive-Market Feeders,feeder,birmingham,Shadow Wood Manor Wedding & Event Venue,Moody,AL,4.9,63,70,prospect,http://www.shadowwoodmanor.com/,(205) 746-5302,"4040 St Clair Forest Rd, Moody, AL 35004, USA",,,,894537f7-00d0-4a7b-8165-fe7158f0b34d
1,wedding-planner-feeder,Wedding Planners — Drive-Market Feeders,feeder,nashville,Fête Nashville Luxury Weddings,Nashville,TN,5,57,70,prospect,http://fetenashville.com/,(615) 482-4555,"3820 Charlotte Ave Suite 146, Nashville, TN 37209, USA",,,,de070909-2e4d-4148-bbde-f15a34c0de89
1,wedding-planner-feeder,Wedding Planners — Drive-Market Feeders,feeder,atlanta,Simply Chic Soirées,Austell,GA,4.9,56,70,prospect,http://scsforyou2.com/,(678) 596-9225,"second floor, 5000 Austell Powder Springs Rd Suite 237, Austell, GA 30106, USA",,,,b9bd20ce-d525-463c-8faf-4cea601e8b77
1,wedding-planner-feeder,Wedding Planners — Drive-Market Feeders,feeder,atlanta,Gilly Francis Events and Weddings,Athens,GA,5,56,70,prospect,https://gillyfrancisevents.com/,(941) 716-2767,"196 Alps Rd Suite 2, PMB 137, Athens, GA 30606, USA",,,,62b07258-e3de-4128-a6b3-fd19eb723b40
1,wedding-planner-feeder,Wedding Planners — Drive-Market Feeders,feeder,atlanta,LLC Events,Perry,GA,5,53,70,prospect,http://www.llcevents.com/,(229) 886-3203,"745 Main St, Perry, GA 31069, USA",,,,2e1a6f8e-309f-488a-91ba-640ddf93d621
1,wedding-planner-feeder,Wedding Planners — Drive-Market Feeders,feeder,nashville,Christina Logan Events,Brentwood,TN,5,53,70,prospect,http://www.christinalogandesign.com/,(615) 910-4222,"1235 Cressy Ln, Brentwood, TN 37027, USA",,,,4a975497-21b8-4fea-beee-4081452b51c3
1,wedding-planner-feeder,Wedding Planners — Drive-Market Feeders,feeder,nashville,"Laurie D'Anne Events, LLC",Nashville,TN,5,52,70,prospect,https://www.lauriedeanneevents.com/,(615) 830-0549,"630 Hamilton Ave, Nashville, TN 37203, USA",,,,eb56d6d2-3cf9-447a-83d6-a437f8f435c8
1,wedding-planner-feeder,Wedding Planners — Drive-Market Feeders,feeder,birmingham,Becky's Brides,Mountain Brook,AL,5,50,70,prospect,http://www.beckysbrides.com/,(205) 807-4734,"6 Office Park Cir # 218, Mountain Brook, AL 35223, USA",,,,911c6485-95f9-471a-80c2-85fc3891a462
1,wedding-planner-feeder,Wedding Planners — Drive-Market Feeders,feeder,new_orleans,21st Century Planners and Decorators,Mandeville,Manchester Parish,4.8,49,70,prospect,,(876) 894-2006,"Caledonia Rd, Mandeville, Jamaica",,,,471f2718-25ae-4407-a475-5d3781b269a8
1,wedding-planner-feeder,Wedding Planners — Drive-Market Feeders,feeder,atlanta,Organized Occasions,Atlanta,GA,4.9,48,70,prospect,https://www.organizemyoccasion.com/contact/,(404) 494-0958,"1500 Southland Cir NW Suite C, Atlanta, GA 30318, USA",,,,bf9fcbaf-9d0e-47c0-b1d6-d0211b3f91d6
1,wedding-planner-feeder,Wedding Planners — Drive-Market Feeders,feeder,atlanta,Megan Elizabeth Weddings and Events,Savannah,GA,5,45,70,prospect,https://meganelizabethevents.com/,(757) 751-1831,"2 E Bryan St Ste 410, Savannah, GA 31401, USA",,,,9c394b9b-fe62-45e5-9ad7-e7793e1dee6e
1,wedding-planner-feeder,Wedding Planners — Drive-Market Feeders,feeder,atlanta,Tara Skinner Events,Savannah,GA,5,42,70,prospect,https://taraskinnerevents.com/,(912) 596-6064,"404 E Oglethorpe Ave, Savannah, GA 31401, USA",,,,43a500c4-c1cf-484b-b7ac-ab71953f2b06
1,wedding-planner-feeder,Wedding Planners — Drive-Market Feeders,feeder,atlanta,Emily Jordan Events,Atlanta,GA,5,41,70,prospect,https://www.emilyjordanevents.com/,(678) 743-1460,"1054 St Charles Ave NE, Atlanta, GA 30306, USA",,,,79273734-c289-4472-b221-2ec76bf588a3
1,wedding-planner-feeder,Wedding Planners — Drive-Market Feeders,feeder,atlanta,KIS(cubed) Events,Atlanta,GA,5,41,70,prospect,https://kiscubedevents.com/,(855) 547-2823,"616 Angier Ave NE, Atlanta, GA 30308, USA",,,,2dd5a66b-f26d-4104-9cbc-d094848d6c32
1,wedding-planner-feeder,Wedding Planners — Drive-Market Feeders,feeder,new_orleans,Milićević Farm & Vineyard Venue,Abita Springs,LA,4.8,39,70,prospect,http://www.milicevicvenue.com/,(985) 635-4404,"28484 LA-435, Abita Springs, LA 70420, USA",,,,e5466e1f-3dfd-439a-b71a-f89acfd0df35
1,wedding-planner-feeder,Wedding Planners — Drive-Market Feeders,feeder,new_orleans,The Rivers Retreat Center,Covington,LA,5,37,70,prospect,https://www.theriversretreat.com/,(985) 869-3010,"14253 US-190, Covington, LA 70433, USA",,,,ca1ca10c-b364-4f9e-9948-12a4eb320c5b
1,wedding-planner-feeder,Wedding Planners — Drive-Market Feeders,feeder,new_orleans,Spanish Oak Events,New Orleans,LA,4.9,36,70,prospect,http://spanishoakevents.com/,(701) 371-8846,"5952 Annunciation St #1, New Orleans, LA 70115, USA",,,,ef8a3818-d808-45a6-b7bc-d9b56a7505e7
1,wedding-planner-feeder,Wedding Planners — Drive-Market Feeders,feeder,new_orleans,Clandestine Events + Experiences,New Orleans,LA,5,35,70,prospect,https://clandestine-events.com/,(504) 766-3033,"2705 D'Abadie St, New Orleans, LA 70119, USA",,,,df067b41-eeff-44f5-b7ee-fccb89bbaa55
1,wedding-planner-feeder,Wedding Planners — Drive-Market Feeders,feeder,atlanta,Weddings by Epic-Atlanta's Premiere Wedding Company,Suwanee,GA,4.8,34,70,prospect,https://www.weddingsbyepic.com/contact,(404) 625-4330,"995 Sentry Ridge Crossing, Suwanee, GA 30024, USA",,,,37156068-358d-4b04-b509-c77bf81807a0
1,wedding-planner-feeder,Wedding Planners — Drive-Market Feeders,feeder,new_orleans,The Lakehouse New Orleans,New Orleans,LA,4.8,34,70,prospect,https://www.thelakehousenola.com/,(504) 943-6818,"7412 Lakeshore Dr, New Orleans, LA 70124, USA",,,,b1af2e9f-2aad-4b37-ba33-af2c9e299b04
1,wedding-planner-feeder,Wedding Planners — Drive-Market Feeders,feeder,new_orleans,Unique Weddings & Events,New Orleans,LA,4.9,33,70,prospect,http://uniqueweddingsinneworleans.com/,(504) 473-4254,"210 Baronne St, New Orleans, LA 70112, USA",,,,4c2dfdf8-b88a-4b81-b22c-c5d31b679952
1,wedding-planner-feeder,Wedding Planners — Drive-Market Feeders,feeder,new_orleans,Rella's Exquisite Events & Decor,New Orleans,LA,5,32,70,prospect,http://rellaseventsandmore.com/,(228) 918-8364,"3157 Gentilly Blvd #2501, New Orleans, LA 70122, USA",,,,8769a656-f85a-40f1-a996-c83a888f0474
1,wedding-planner-feeder,Wedding Planners — Drive-Market Feeders,feeder,new_orleans,Inspired Designs,Bourg,LA,4.9,32,70,prospect,https://www.inspireddesignsforyou.com/,(985) 790-0127,"115 Swamp Dr, Bourg, LA 70343, USA",,,,57956193-70ac-4e51-b0da-b03dd4810a24
1,wedding-planner-feeder,Wedding Planners — Drive-Market Feeders,feeder,nashville,Modern Vintage Events,Nashville,TN,5,31,70,prospect,http://modernvintageevents.com/,(615) 807-0318,"4006 Dakota Ave, Nashville, TN 37209, USA",,,,8a96f970-3687-4ffb-8078-419637718a34
1,wedding-planner-feeder,Wedding Planners — Drive-Market Feeders,feeder,atlanta,Jimmeh Event Management,Marietta,GA,5,29,70,prospect,http://jematl.com/,(470) 338-6738,"45 South Avenue SE STE 6, Marietta, GA 30060, USA",,,,a6c44f27-c0d1-4208-8722-bbc6eead8b6f
1,wedding-planner-feeder,Wedding Planners — Drive-Market Feeders,feeder,nashville,Elliott Events,Mt. Juliet,TN,5,29,70,prospect,https://elliottevents.com/,(615) 485-2193,"1006 Charlie Daniels Pkwy Suite E, Mt. Juliet, TN 37122, USA",,,,b41debe3-c0ab-47d5-ae76-6c29923f9f15
1,wedding-planner-feeder,Wedding Planners — Drive-Market Feeders,feeder,atlanta,W Events | Atlanta Wedding Planner,Atlanta,GA,5,28,70,prospect,https://weventsco.com/,(423) 405-7615,"455 14th St NW STE 414, Atlanta, GA 30318, USA",,,,700ed826-6ad0-408c-ac11-93c8833ebbc0
1,wedding-planner-feeder,Wedding Planners — Drive-Market Feeders,feeder,atlanta,Events by Mesita - Atlanta Wedding Planner,Atlanta,GA,4.9,28,70,prospect,http://www.eventsbymesita.com/,(678) 632-6818,"1650 Marietta Blvd NW Unit D30, Atlanta, GA 30318, USA",,,,a6273e53-d571-45b6-95d2-fe6859f3f04f
1,wedding-planner-feeder,Wedding Planners — Drive-Market Feeders,feeder,new_orleans,Amanda Price Events,New Orleans,LA,5,28,70,prospect,http://www.amandapriceevents.com/,(504) 881-4180,"141 Allen Toussaint Blvd Suite 235, New Orleans, LA 70124, USA",,,,e28e0b95-c787-41c9-9a54-a7007ff6c129
1,wedding-planner-feeder,Wedding Planners — Drive-Market Feeders,feeder,birmingham,Handley Breaux Designs,Birmingham,AL,5,26,70,prospect,http://www.handleybreauxdesigns.com/,(205) 900-8804,"9 Office Park Cir Suite 103, Birmingham, AL 35223, USA",,,,54fa7f28-040f-4926-bd90-80ff5c5b57a6
1,wedding-planner-feeder,Wedding Planners — Drive-Market Feeders,feeder,new_orleans,EZ Events Catering,Covington,LA,5,25,70,prospect,http://www.ezeventscatering.com/,(985) 888-6790,"109 Innwood Dr STE C, Covington, LA 70433, USA",,,,a89f93dd-7b0e-4845-9d53-729e3061ba16
1,wedding-planner-feeder,Wedding Planners — Drive-Market Feeders,feeder,nashville,Wildwood Event Co,Murfreesboro,TN,5,25,70,prospect,http://www.wildwoodeventco.com/,(615) 237-8236,"623 Creekbend Ln, Murfreesboro, TN 37129, USA",,,,df6fa4ff-2679-449b-8605-b8f06cd3c2e1
1,wedding-planner-feeder,Wedding Planners — Drive-Market Feeders,feeder,new_orleans,Hannah Trahan Weddings,Scott,LA,5,25,70,prospect,https://hannahtrahanweddings.com/,(337) 654-1487,"205 E Amedee Dr, Scott, LA 70583, USA",,,,81e7f3a4-fa48-4a08-83db-c69f3ed3e04c
1,wedding-planner-feeder,Wedding Planners — Drive-Market Feeders,feeder,atlanta,Evermore Weddings and Events,Newnan,GA,5,24,70,prospect,http://www.evermorewed.com/,(770) 351-7586,"35 Jackson St Suite 1, Newnan, GA 30263, USA",,,,75793d9f-e1c2-464c-848a-b9e0b15f26d2
1,wedding-planner-feeder,Wedding Planners — Drive-Market Feeders,feeder,atlanta,Storybook Wedding Consulting,Sharpsburg,GA,5,24,70,prospect,http://www.stbkweddings.com/,(404) 597-1905,"36 Running Water, Sharpsburg, GA 30277, USA",,,,804b66b3-339b-4b4e-b058-56ce23600f64
1,wedding-planner-feeder,Wedding Planners — Drive-Market Feeders,feeder,nashville,Woven,Nashville,TN,5,24,70,prospect,http://awovenevent.com/,(828) 333-3838,"1101 Chapel Ave, Nashville, TN 37206, USA",,,,b10a054f-cb6b-45de-8ebb-d69adb185cf5
1,wedding-planner-feeder,Wedding Planners — Drive-Market Feeders,feeder,nashville,W Events | Nashville Wedding Planner,Nashville,TN,5,23,70,prospect,https://weventsco.com/,(931) 241-0545,"1200 Division St Suite 406, Nashville, TN 37203, USA",,,,582509b9-b369-496d-ba8e-4b85584d6465
1,wedding-planner-feeder,Wedding Planners — Drive-Market Feeders,feeder,atlanta,Unique Occasions by TNicole,Roswell,GA,4.9,22,70,prospect,https://www.uniqueoccasionsbytnicole.com/,(404) 567-3185,"760 Old Roswell Rd Suite 127, Roswell, GA 30076, USA",,,,e7507bd1-49d0-49e3-81e2-81c9ea50363a
1,wedding-planner-feeder,Wedding Planners — Drive-Market Feeders,feeder,new_orleans,Lavishly Chic Designs Events + Weddings,Metairie,LA,4.3,22,70,prospect,http://lcdevents.com/,(504) 616-0428,"2701 Airline Dr K171, Metairie, LA 70001, USA",,,,79690b09-b01e-448d-81d4-d0cb55a0ed66
1,wedding-planner-feeder,Wedding Planners — Drive-Market Feeders,feeder,birmingham,Magnolia Vine Events,Birmingham,AL,5,21,70,prospect,,(205) 565-5448,"277 Lyon Ln, Birmingham, AL 35211, USA",,,,3c6d6c78-594d-4cac-a8ef-c583f1b0ec86
1,wedding-planner-feeder,Wedding Planners — Drive-Market Feeders,feeder,new_orleans,Girls In Black,New Orleans,LA,4.8,21,70,prospect,http://www.gibevents.com/,(985) 264-9123,"Tchoupitoulas St, New Orleans, LA 70115, USA",,,,2b97cec2-6d36-4875-8f73-ed33fd4f2e13
1,wedding-planner-feeder,Wedding Planners — Drive-Market Feeders,feeder,birmingham,Windwood Weddings,Pelham,AL,4.8,20,70,prospect,http://windwoodweddings.com/,(205) 901-9737,"4848 Co Rd 11, Pelham, AL 35124, USA",,,,3d59cf97-5fd2-4139-8baf-95de45640b1a
1,wedding-planner-feeder,Wedding Planners — Drive-Market Feeders,feeder,nashville,Premier W.E.D.,Brentwood,TN,5,19,70,prospect,https://premierwed.com/,(417) 529-7739,"320 Seven Springs Way Suite 250, Brentwood, TN 37027, USA",,,,0d8c57a4-dfe5-4f01-902f-50848d8e5c61
1,wedding-planner-feeder,Wedding Planners — Drive-Market Feeders,feeder,atlanta,Gorgeous by Design Events,Roswell,GA,5,17,70,prospect,http://www.gorgeousbydesignevents.com/,(470) 470-4226,"300 Colonial Center Pkwy Ste 100, Roswell, GA 30076, USA",,,,b311452e-f3a5-4ea6-85a0-462d2b1dd761
1,wedding-planner-feeder,Wedding Planners — Drive-Market Feeders,feeder,new_orleans,The Covington Country Club Event Center and Dungeon Bar,Covington,LA,4.9,17,70,prospect,https://www.covington-countryclub.com/,(985) 234-9722,"200 Country Club Dr, Covington, LA 70433, USA",,,,e38c1ef0-8cfc-4a9c-a7bd-b4a1b31217da
1,wedding-planner-feeder,Wedding Planners — Drive-Market Feeders,feeder,atlanta,Engaged Wedding Library,Marietta,GA,5,16,70,prospect,https://www.engagedatlanta.com/,(404) 465-4315,"255 Village Pkwy NE Suite 510, Marietta, GA 30067, USA",,,,e8b74b42-186c-4215-9961-8bb1d9725bc9
1,wedding-planner-feeder,Wedding Planners — Drive-Market Feeders,feeder,new_orleans,Z Event Company,New Orleans,LA,4.8,16,70,prospect,https://www.zeventco.com/,(504) 510-5838,"634 Orange St, New Orleans, LA 70130, USA",,,,18aa7200-e628-4d13-b123-4481f5819615
1,wedding-planner-feeder,Wedding Planners — Drive-Market Feeders,feeder,new_orleans,Crescent Bound Events LLC,New Orleans,LA,4.6,16,70,prospect,http://www.crescentboundevents.com/,,"3734 Napoleon Ave, New Orleans, LA 70125, USA",,,,a76d9b79-e511-4748-8c8b-6b33cbe4cb58
1,wedding-planner-feeder,Wedding Planners — Drive-Market Feeders,feeder,new_orleans,The Graceful Host Shop,Covington,LA,5,16,70,prospect,http://www.gracefulhostshop.com/,(985) 234-9236,"218 Lee Ln, Covington, LA 70433, USA",,,,9e13f3a1-ef00-4090-8d47-26fc1be84490
1,wedding-planner-feeder,Wedding Planners — Drive-Market Feeders,feeder,atlanta,"Lemiga Events, LLC",Atlanta,GA,4.5,15,70,prospect,http://www.lemiga.com/,(404) 704-0725,"2480 Briarcliff Rd NE Ste 6, Atlanta, GA 30329, USA",,,,bfccce1a-9392-4a02-b1b2-9164135e9207
1,wedding-planner-feeder,Wedding Planners — Drive-Market Feeders,feeder,birmingham,DESIGNER OCCASIONS BY ROSE LLC,Birmingham,AL,5,15,70,prospect,https://designeroccasions.com/,(205) 526-0020,"1601 5th Ave N Suite 141, Birmingham, AL 35203, USA",,,,ce9c11c7-1ee2-453e-ad01-623abd553619
1,wedding-planner-feeder,Wedding Planners — Drive-Market Feeders,feeder,nashville,"Erin Lynn Events, Inc.",Nashville,TN,5,15,70,prospect,https://www.erinlynnevents.com/,(954) 303-0724,"#281313, Nashville, TN 37228, USA",,,,0156d650-df96-43ed-818c-bae4414d946f
1,wedding-planner-feeder,Wedding Planners — Drive-Market Feeders,feeder,birmingham,Mariee Ami,Birmingham,AL,5,15,70,prospect,http://www.marieeami.com/,(205) 870-4205,"813 Shades Creek Pkwy Suite 105, Birmingham, AL 35209, USA",,,,2891aa45-1b54-4cdc-a7ce-82ef5ae276a4
1,wedding-planner-feeder,Wedding Planners — Drive-Market Feeders,feeder,birmingham,Invision Events,Vestavia Hills,AL,5,15,70,prospect,http://www.invision.events/,(205) 440-2933,"732 Montgomery Hwy #268, Vestavia Hills, AL 35216, USA",,,,f51235a3-d9e8-4da0-b657-169bff3d46e3
1,wedding-planner-feeder,Wedding Planners — Drive-Market Feeders,feeder,atlanta,Bliss Weddings and Events of Atlanta,Atlanta,GA,5,14,70,prospect,https://www.blissweddingsatlanta.com/,(404) 993-2683,"970 Sidney Marcus Blvd NE UNIT 1116, Atlanta, GA 30324, USA",,,,6587ae12-fa1c-4c0e-aa56-0ac0dc70b1d6
1,wedding-planner-feeder,Wedding Planners — Drive-Market Feeders,feeder,birmingham,The Missy Georgia Experience,Birmingham,AL,5,14,70,prospect,https://themissygeorgiaexperience.com/,(205) 862-9081,"1430 Gadsden Hwy Ste 116, Birmingham, AL 35235, USA",,,,14282d09-3e8d-4ab0-81b4-a67423be7246
1,wedding-planner-feeder,Wedding Planners — Drive-Market Feeders,feeder,birmingham,"Dreamgate Events - Wedding Planner, Event Coordinator, Corporate, Social, & Nonprofit",Pelham,AL,5,14,70,prospect,https://dreamgateevents.com/,(205) 848-6343,"119 Cedar Cove Dr, Pelham, AL 35124, USA",,,,1934bc21-e32d-4ec4-9017-eb9c08247225
1,wedding-planner-feeder,Wedding Planners — Drive-Market Feeders,feeder,new_orleans,Wink Design & Events,New Orleans,LA,5,13,70,prospect,http://winkdesignandevents.com/,(504) 366-8063,"1519 Tchoupitoulas St, New Orleans, LA 70130, USA",,,,e48db2c5-0292-4a62-aae0-e1be7be89e43
1,wedding-planner-feeder,Wedding Planners — Drive-Market Feeders,feeder,nashville,Charlie Grey Events,Murfreesboro,TN,5,12,70,prospect,https://www.charliegreyevents.com/,(901) 336-8784,"1500 Medical Center Pkwy Pod 59, Murfreesboro, TN 37129, USA",,,,4ab5577e-7368-49ad-a62d-8300b8317df1
1,wedding-planner-feeder,Wedding Planners — Drive-Market Feeders,feeder,atlanta,Events By Monet,Atlanta,GA,5,11,70,prospect,https://www.eventsbymonet.net/,,"3500 Peachtree Rd NE suite 1500, Atlanta, GA 30326, USA",,,,17631daf-4972-4651-a5a0-e864f0159dbf
1,wedding-planner-feeder,Wedding Planners — Drive-Market Feeders,feeder,atlanta,TOAST Events,Atlanta,GA,5,11,70,prospect,http://www.toast-events.com/,(678) 459-4931,"4062 Peachtree Rd NE #677, Atlanta, GA 30319, USA",,,,5b9ce5e7-6e29-462b-9e4b-ccd0d2d8abf4
1,wedding-planner-feeder,Wedding Planners — Drive-Market Feeders,feeder,new_orleans,Lasting Impressions Where Wishes Come True,Deville,LA,4.6,10,70,prospect,https://www.wherewishescometrue.net/,(318) 623-7070,"13985 LA-28 E, Deville, LA 71328, USA",,,,4d417921-e0ae-4675-a122-fac199e50e4c
1,wedding-planner-feeder,Wedding Planners — Drive-Market Feeders,feeder,birmingham,Laya Events & Rentals,Birmingham,AL,4.7,10,70,prospect,http://www.facebook.com/eventsatlaya,(205) 683-5509,"Birmingham, AL 35203, USA",,,,45a909b5-073e-4b25-bb92-7f4be7defd5b
1,wedding-planner-feeder,Wedding Planners — Drive-Market Feeders,feeder,nashville,Weddings Unlimited by Danielle,Nashville,TN,5,9,70,prospect,http://www.weddingsunlimitedbyuyd.com/,(615) 601-2071,"2525C Lebanon Pike Suite 105, Nashville, TN 37214, USA",,,,75328f2a-e155-4c0b-a0de-403ec83e728b
1,wedding-planner-feeder,Wedding Planners — Drive-Market Feeders,feeder,atlanta,"M&G Weddings and Events, LLC - North GA wedding coordinator",Braselton,GA,5,8,70,prospect,http://www.mandgweddings.com/,(404) 455-1877,"93 Franklin St, Braselton, GA 30517, USA",,,,9bdee8e5-35b7-41eb-b656-de87ebdbbdc1
1,wedding-planner-feeder,Wedding Planners — Drive-Market Feeders,feeder,birmingham,"Stacie Latrelle, LLC",Birmingham,AL,5,6,70,prospect,http://www.stacielatrelle.com/,(205) 538-2513,"1601 5th Ave N Suite 219, Birmingham, AL 35203, USA",,,,fc514cfd-4af1-42fe-a27b-d87626417c3f
1,wedding-planner-feeder,Wedding Planners — Drive-Market Feeders,feeder,birmingham,"Any Reason To Plan LLC-Wedding Planning, Meeting Planning, Special Events & Event Designer",Birmingham,AL,5,6,70,prospect,,(205) 368-8827,"360025 Box, Birmingham, AL 35244, USA",,,,3b59a57c-f4b4-4b04-b29e-5655aa6f0f01
1,wedding-planner-feeder,Wedding Planners — Drive-Market Feeders,feeder,new_orleans,Southern Belle Event s,New Orleans,LA,4.5,6,70,prospect,https://www.southernbelleevents.co/,,"Orleans Ave, New Orleans, LA 70119, USA",,,,9d5b45e5-bf52-490a-8acb-e8c45a18f0d9
1,wedding-planner-feeder,Wedding Planners — Drive-Market Feeders,feeder,new_orleans,Girls In Black,Covington,LA,5,6,70,prospect,http://www.gibevents.com/,(985) 264-9123,"Covington, LA 70433, USA",,,,4840b20f-e62d-4fdf-95ba-af2cc5d3348c
1,wedding-planner-feeder,Wedding Planners — Drive-Market Feeders,feeder,atlanta,Georgia Wedding Consultants,Marietta,GA,4.2,5,70,prospect,,(478) 234-6126,"20 Whitlock Pl SW Suite 202, Marietta, GA 30064, USA",,,,3460f76a-c4c9-40ea-b108-24bc0aa401c1
1,wedding-planner-feeder,Wedding Planners — Drive-Market Feeders,feeder,new_orleans,Nirvana Weddings,New Orleans,LA,5,5,70,prospect,https://nirvanaweddings.com/,(504) 887-8879,"4308 Magazine St, New Orleans, LA 70115, USA",,,,d8b7ef24-e9d2-4f51-870e-db0370866aed
1,wedding-planner-feeder,Wedding Planners — Drive-Market Feeders,feeder,new_orleans,Weddings by Allie,Baton Rouge,LA,5,5,70,prospect,http://www.weddingsbyalliellc.com/,(225) 485-7340,"12232 Industriplex Blvd #9, Baton Rouge, LA 70809, USA",,,,22a56f21-a269-4f38-9f45-16ea6334410e
1,wedding-planner-feeder,Wedding Planners — Drive-Market Feeders,feeder,atlanta,Beginning2End Planning,Roswell,GA,5,4,70,prospect,https://www.b2eplanners.com/,(678) 739-7493,"675 Mansell Rd, Roswell, GA 30076, USA",,,,5dadb482-1631-4ed5-adbb-22331dbdd97d
1,wedding-planner-feeder,Wedding Planners — Drive-Market Feeders,feeder,atlanta,Events Catering,Roswell,GA,4.5,4,70,prospect,http://www.eventscatering.com/,(770) 518-9220,"85 Mill St Suite B-103, Roswell, GA 30075, USA",,,,2eef4417-cb50-4712-8f5d-4d7c28e83d25
1,wedding-planner-feeder,Wedding Planners — Drive-Market Feeders,feeder,birmingham,Southern Posies,Cecil,AL,5,4,70,prospect,http://www.southernposies.com/,(334) 676-1766,"297 Macon County Rd, Cecil, AL 36013, USA",,,,baad3f78-60b6-4c24-9407-27ecc69b6b49
1,wedding-planner-feeder,Wedding Planners — Drive-Market Feeders,feeder,nashville,Rosie's Events,Murfreesboro,TN,5,4,70,prospect,https://rosiesevents.com/,(615) 938-2999,"5132 Cedar Retreat Dr, Murfreesboro, TN 37129, USA",,,,ebdaec0f-b850-4d2d-987b-86d844c5b61c
1,wedding-planner-feeder,Wedding Planners — Drive-Market Feeders,feeder,new_orleans,Ashman weddings N catering services,Mandeville,Manchester Parish,5,3,70,prospect,,(876) 879-8119,"Mike Town District, Mandeville, Jamaica",,,,a76bdba4-7698-40b4-8f06-a06dc494145e
1,wedding-planner-feeder,Wedding Planners — Drive-Market Feeders,feeder,new_orleans,Blue Gardenia Events,New Orleans,LA,5,3,70,prospect,http://www.bluegardeniaevents.com/,(504) 206-8599,"631 St Charles Ave, New Orleans, LA 70130, USA",,,,937c001f-401a-4509-8d75-8c9b16614589
1,wedding-planner-feeder,Wedding Planners — Drive-Market Feeders,feeder,atlanta,Lean on me wedding planner,Canton,GA,5,2,70,prospect,https://www.leanonmeweddingplanner.com/,(678) 780-0132,"2505 Marietta Hwy, Canton, GA 30114, USA",,,,06a4ab76-bb0d-4573-8de5-2b44554a494c
1,wedding-planner-feeder,Wedding Planners — Drive-Market Feeders,feeder,atlanta,Hearts In Bloom Weddings + Events,Decatur,GA,5,2,70,prospect,https://www.heartsinbloomevents.com/,(470) 847-7474,"2321 Hillside Ave, Decatur, GA 30032, USA",,,,04e491dd-d64c-4994-805a-4bb54c0daa67
1,wedding-planner-feeder,Wedding Planners — Drive-Market Feeders,feeder,nashville,Locklane Weddings & Events,Franklin,TN,5,2,70,prospect,http://locklaneevents.com/,,"Franklin, TN 37069, USA",,,,160d8728-ade4-40e6-aed2-5ab3d96eee32
1,wedding-planner-feeder,Wedding Planners — Drive-Market Feeders,feeder,new_orleans,The Event Glossary,Metairie,LA,5,2,70,prospect,https://eventglossary.com/,(504) 510-5838,"508 Metairie Rd, Metairie, LA 70005, USA",,,,4f09cb31-0491-4d3e-a1b9-9bfbd419c3fd
1,wedding-planner-feeder,Wedding Planners — Drive-Market Feeders,feeder,new_orleans,Mint Events,Mandeville,LA,5,2,70,prospect,http://www.minteventsplanning.com/,(985) 400-1396,"935 Clausel St, Mandeville, LA 70448, USA",,,,555cb956-26a5-4802-b12c-8f159f3b899e
1,wedding-planner-feeder,Wedding Planners — Drive-Market Feeders,feeder,birmingham,Seamless Weddings and Events,Hoover,AL,5,1,70,prospect,https://seamlessweddingsbham.com/,(205) 413-2973,"1678 Montgomery Hwy suite 104-172, Hoover, AL 35216, USA",,,,44d81a81-abc4-43e6-9482-84dee8f75d54
1,wedding-planner-feeder,Wedding Planners — Drive-Market Feeders,feeder,new_orleans,Event Design Build,Mandeville,LA,5,1,70,prospect,https://eventdesignbuild.com/,(985) 200-4333,"633 Lotus Dr N Suite C, Mandeville, LA 70471, USA",,,,782bfa35-ce3c-4e61-bac9-d3dd39842c6f
1,wedding-planner-feeder,Wedding Planners — Drive-Market Feeders,feeder,atlanta,Lavish & Luxe Events,Roswell,GA,,,70,prospect,https://www.lavishandluxeevents.net/,(770) 313-9215,"760 Old Roswell Rd suite 229, Roswell, GA 30076, USA",,,,a050e205-0ecb-45a5-9bf2-f7d82b424374
1,wedding-planner-local,Wedding Planners — 30A / Emerald Coast,,,Coastal Coordinating,Seminole,FL,4.9,379,75,prospect,https://www.coastalcoordinating.com/,(813) 543-5726,"7656 85th Ln, Seminole, FL 33777, USA",,,,f47c1c1b-cfeb-49a6-8b78-6c8bf935d4cf
1,wedding-planner-local,Wedding Planners — 30A / Emerald Coast,local,30a,Destin Wedding Company,Destin,FL,4.7,298,75,prospect,http://www.destinweddingcompany.com/,(850) 502-0085,"160 Azalea Dr, Destin, FL 32541, USA",,,,63ed5127-322e-4305-af77-c5d19791e010
1,wedding-planner-local,Wedding Planners — 30A / Emerald Coast,local,30a,Crystal Beach Weddings,Miramar Beach,FL,4.7,180,75,prospect,http://www.crystalbeachweddings.com/,(850) 520-0000,"136 S Holiday Rd, Miramar Beach, FL 32550, USA",,,,decee298-0dff-442f-a44b-4c75ed85b0a2
1,wedding-planner-local,Wedding Planners — 30A / Emerald Coast,,,Panama City Beach Weddings,Lynn Haven,FL,5,137,75,prospect,http://panamacitybeachweddings.net/,(850) 819-6333,"1201 Rhode Island Ave, Lynn Haven, FL 32444, USA",,,,37a16526-7bd2-4a7c-bd2a-dcae8b3256c5
1,wedding-planner-local,Wedding Planners — 30A / Emerald Coast,local,30a,Seashell Wedding Company,Destin,FL,4.7,117,75,prospect,https://seashellweddingco.com/,(850) 276-2802,"856 Harbor Blvd, Destin, FL 32541, USA",,,,c0c65b0d-b2b5-4358-817b-b658b87d123d
1,wedding-planner-local,Wedding Planners — 30A / Emerald Coast,,,Gulf Beach Weddings,Fort Walton Beach,FL,4.9,115,75,prospect,https://gulfbeachweddings.com/?utm_source=google%20my%20business&utm_medium=organic&utm_campaign=destin,(850) 898-0600,"1 Walter Martin Rd NE Suite 2, Fort Walton Beach, FL 32548, USA",,,,6545c269-09d4-4ee9-b585-6504c46e7395
1,wedding-planner-local,Wedding Planners — 30A / Emerald Coast,local,30a,Perfectly Planned Events LLC,Panama City,FL,5,98,75,prospect,http://perfectlyplannedeventsllc.com/,(850) 366-2522,"1813 E 5th St, Panama City, FL 32401, USA",,,,5af41ffd-16d4-48f9-9af6-0325569a6a97
1,wedding-planner-local,Wedding Planners — 30A / Emerald Coast,local,30a,Amore Beach Weddings,Miramar Beach,FL,4.5,93,75,prospect,http://bchwed.com/,(850) 347-5656,"11275 US-98 Suite 6-222, Miramar Beach, FL 32550, USA",,,,eea7a4df-1c1f-4b2d-aa40-188c846dbed4
1,wedding-planner-local,Wedding Planners — 30A / Emerald Coast,local,30a,Beach Beginnings,Panama City Beach,FL,4.8,86,75,prospect,https://beachbeginnings.com/,(850) 596-2319,"91 Windridge Ct, Panama City Beach, FL 32413, USA",,,,31f4a255-55f5-44a0-a2ca-0cfc0a2c33ae
1,wedding-planner-local,Wedding Planners — 30A / Emerald Coast,local,30a,Forever I Do Weddings,Fort Walton Beach,FL,4.8,85,75,prospect,http://www.foreveridoweddings.com/,(850) 314-9448,"436a Racetrack Rd NW, Fort Walton Beach, FL 32547, USA",,,,62efda31-fa83-467b-8333-e20c9c870c85
1,wedding-planner-local,Wedding Planners — 30A / Emerald Coast,,,Leather & Lace Wedding & Event Co. - Panama City Beach FL,Southport,FL,4.9,84,75,prospect,http://www.leatherandlaceweddingco.com/,(850) 774-6872,"3420 High Cliff Rd, Southport, FL 32409, USA",,,,68de217b-67de-46bd-bc6d-619bb846be59
1,wedding-planner-local,Wedding Planners — 30A / Emerald Coast,local,30a,Southern Frills Weddings & Events,Pensacola,FL,5,78,75,prospect,http://www.southernfrillsevents.com/,(850) 382-2448,"1300 W Garden St, Pensacola, FL 32502, USA",,,,a6464a30-85c8-4d01-913e-cde6c09de653
1,wedding-planner-local,Wedding Planners — 30A / Emerald Coast,,,Navarre Beach Weddings,Navarre,FL,4.9,74,75,prospect,http://navarrebeachwed.com/?utm_source=gmb&utm_medium=referral,(850) 304-7799,"1945 Shannon Rd, Navarre, FL 32566, USA",,,,05ae9ece-d798-4142-b48a-c8e307f700ce
1,wedding-planner-local,Wedding Planners — 30A / Emerald Coast,local,30a,Sugar Beach Weddings - Destin Florida,Destin,FL,4.7,72,75,prospect,https://www.sugarbeachweddings.com/?utm_source=local&utm_medium=organic&utm_campaign=gmb,(850) 687-4020,"3695 Scenic Hwy 98 UNIT 1104, Destin, FL 32541, USA",,,,abe9d22b-45ee-435c-a6b4-1a487b42ab2d
1,wedding-planner-local,Wedding Planners — 30A / Emerald Coast,local,30a,Island Sands Beach Weddings,Miramar Beach,FL,4.4,70,75,prospect,http://www.islandsandsbeachweddings.com/,(850) 974-0921,"1096 Scenic Gulf Dr, Miramar Beach, FL 32550, USA",,,,8aa99cab-7f25-4f90-86a2-056bab194e09
1,wedding-planner-local,Wedding Planners — 30A / Emerald Coast,,,Weddings By Lydia,Pensacola,FL,4.8,60,75,prospect,http://www.weddingsbylydia.com/,(850) 261-3320,"9511 Holsberry Rd #9b, Pensacola, FL 32534, USA",,,,ba9d1154-ade9-45d4-9793-6429e96c0062
1,wedding-planner-local,Wedding Planners — 30A / Emerald Coast,,,Within Weddings: Planning & Design,Fernandina Beach,FL,5,54,75,prospect,https://www.withinweddings.com/,(904) 252-5854,"474388 E State Rd 200, Fernandina Beach, FL 32034, USA",,,,4a6d495b-b01d-4831-abc6-a5183d07a996
1,wedding-planner-local,Wedding Planners — 30A / Emerald Coast,local,30a,SALTY Beach Setups,Santa Rosa Beach,FL,4.7,52,75,prospect,https://www.saltygirlsbeachsetups.com/,(850) 979-4479,"1414 County Hwy 283 S Suite D, Santa Rosa Beach, FL 32459, USA",,,,7dc84160-0d11-477f-9419-d7cc4606acb2
1,wedding-planner-local,Wedding Planners — 30A / Emerald Coast,,,The Chapel of 30A,Santa Rosa Beach,FL,4.9,51,75,prospect,http://www.chapelof30a.com/,(850) 842-1188,"61 Topsail Village Dr, Santa Rosa Beach, FL 32459, USA",,,,9a373bc8-971d-4219-b6fa-441b6eb08c3f
1,wedding-planner-local,Wedding Planners — 30A / Emerald Coast,,,Dalton Young Weddings,Destin,FL,4.9,51,75,prospect,https://daltonyoungweddings.com/,(850) 821-6167,"34990 Emerald Coast Pkwy Suite 321, Destin, FL 32541, USA",,,,a9e540d8-3cf0-4784-b26c-17e874196ca4
1,wedding-planner-local,Wedding Planners — 30A / Emerald Coast,,,Monet Monet,Santa Rosa Beach,FL,4.4,45,75,prospect,https://www.monetmonet30a.com/,,"100 E County Hwy 30A, Santa Rosa Beach, FL 32459, USA",,,,e6784aaf-3477-43c2-b272-d49fc0ca2ea0
1,wedding-planner-local,Wedding Planners — 30A / Emerald Coast,,,St Augustine Green,Alys Beach,FL,4.6,31,75,prospect,,,"Alys Beach, FL 32461, USA",,,,e9ae5d87-3d9a-40d7-b134-d555aa3029d6
1,wedding-planner-local,Wedding Planners — 30A / Emerald Coast,local,30a,"Destin DJ's - Destin's best wedding DJ's, beach & lawn ceremony reception & venue!",Destin,FL,4.9,31,75,prospect,http://destindjs.com/,(404) 867-6075,"Scenic Hwy 98, Destin, FL 32541, USA",,,,459c73c3-63c5-4022-8f05-9fc7cf1e4d92
1,wedding-planner-local,Wedding Planners — 30A / Emerald Coast,local,30a,Kiss the Bride Weddings Destin/30A,Destin,FL,5,28,75,prospect,http://www.kissthebrideweddings.com/,(850) 376-8272,"36468 Emerald Coast Pkwy suite 6103-1, Destin, FL 32541, USA",,,,f03c04f6-749a-4090-9882-4ac759dfe7bf
1,wedding-planner-local,Wedding Planners — 30A / Emerald Coast,,,Carillon Weddings at Carillon Beach,Panama City Beach,FL,4.8,26,75,prospect,http://www.carillonweddings.com/,(850) 231-0007,"109 Village Way, Panama City Beach, FL 32413, USA",,,,cdb065aa-1c39-4fbf-bd20-2fb581dd6ef8
1,wedding-planner-local,Wedding Planners — 30A / Emerald Coast,local,30a,Destin To Wed Event Planning,Santa Rosa Beach,FL,5,20,75,prospect,http://www.destintowed.com/,(850) 687-0076,"73 N Knightsbridge Ct, Santa Rosa Beach, FL 32459, USA",,,,de271c94-bd2e-4c8c-8c71-a53ece57777b
1,wedding-planner-local,Wedding Planners — 30A / Emerald Coast,local,30a,Destin Event Rentals,Niceville,FL,4.8,19,75,prospect,http://www.destineventrentals.com/,(850) 598-2799,"325 Cedar Ave S Unit B2, Niceville, FL 32578, USA",,,,6e9a03ee-c798-4db6-8d7a-5d83b7610a19
1,wedding-planner-local,Wedding Planners — 30A / Emerald Coast,,,Eastern Green,Panama City,FL,4.7,18,75,prospect,,,"162 Rosemary Ave, Panama City, FL 32461, USA",,,,253de86e-0ba0-4feb-a100-d654da78f403
1,wedding-planner-local,Wedding Planners — 30A / Emerald Coast,,,Gold Coast Event Services,Gulf Breeze,FL,4.9,17,75,prospect,https://www.goldcoasteventservices.com/,(850) 313-0583,"2737 Gulf Breeze Pkwy, Gulf Breeze, FL 32563, USA",,,,c9fa9b02-646c-4df4-b6ee-7ca1b22c1f73
1,wedding-planner-local,Wedding Planners — 30A / Emerald Coast,local,30a,Peach & Pearl Events,Santa Rosa Beach,FL,5,16,75,prospect,http://www.peachandpearlevents.com/,(850) 231-0007,"75 Summer Wind Trail, Santa Rosa Beach, FL 32459, USA",,,,f94467bb-865e-4124-a492-d6a8876cc3df
1,wedding-planner-local,Wedding Planners — 30A / Emerald Coast,,,Bella Fleurs Events,Freeport,FL,5,15,75,prospect,https://www.bellafleursevents.com/,(850) 687-0912,"218 Tropical Way, Freeport, FL 32439, USA",,,,bcbfb041-a358-4b83-9ad6-7d960f6c4b21
1,wedding-planner-local,Wedding Planners — 30A / Emerald Coast,,,Rosemary Beach Town Hall,Panama City,FL,4.9,15,75,prospect,https://rosemarybeach.com/,(866) 348-8952,"62-98 S Barrett Square, Panama City, FL 32461, USA",,,,3bee5e7a-5434-408d-af37-ebf71a50185b
1,wedding-planner-local,Wedding Planners — 30A / Emerald Coast,local,30a,Lavish Life 30A,Santa Rosa Beach,FL,5,12,75,prospect,https://lavishlife30a.com/,(309) 361-4633,"Exuma Wy, Santa Rosa Beach, FL 32459, USA",,,,b8d0c28a-1681-4f26-af71-f8ec7de34a28
1,wedding-planner-local,Wedding Planners — 30A / Emerald Coast,local,30a,The Eventful Planner,Destin,FL,4.6,12,75,prospect,http://www.theeventfulplanner.com/,(850) 460-4023,"150 Industrial Park Rd UNIT 2, Destin, FL 32541, USA",,,,b93f974b-98ef-4442-a27b-079fcb4252ff
1,wedding-planner-local,Wedding Planners — 30A / Emerald Coast,local,30a,Princess Wedding Destin,Destin,FL,5,12,75,prospect,https://prwedding.com/,(850) 320-8291,"318 Spanish Moss Trail, Destin, FL 32541, USA",,,,4a0dad79-8296-4566-ac84-526885656272
1,wedding-planner-local,Wedding Planners — 30A / Emerald Coast,local,30a,Western Green,Alys Beach,FL,4.6,11,75,prospect,,,"135 New Providence Ln, Alys Beach, FL 32461, USA",,,,6e8fc343-a612-4c5f-b7ed-a112c5f3d19c
1,wedding-planner-local,Wedding Planners — 30A / Emerald Coast,,,Showtime Events,Santa Rosa Beach,FL,3.9,9,75,prospect,https://showtimeevents.com/,(850) 622-4087,"25 Commercial Pkwy, Santa Rosa Beach, FL 32459, USA",,,,25061391-c673-4f5d-9699-5088b6f75040
1,wedding-planner-local,Wedding Planners — 30A / Emerald Coast,local,30a,Cupid Beach Wedding Florida,Miramar,FL,4.3,7,75,prospect,,(754) 333-0173,"6625 Arbor Dr, Miramar, FL 33023, USA",,,,10251560-21b9-4b90-afb9-43ea07ca9dc3
1,wedding-planner-local,Wedding Planners — 30A / Emerald Coast,local,30a,"D' Amore Creations, LLC",Destin,FL,5,5,75,prospect,http://damorecreations.com/,(850) 964-9179,"1000 Airport Rd, Destin, FL 32541, USA",,,,cc0a32ee-5fbc-410c-bfb7-96a55f656ffd
1,wedding-planner-local,Wedding Planners — 30A / Emerald Coast,,,"A Perfect Wedding, LLC",Panama City,FL,5,1,75,prospect,https://www.aperfectweddingllc.com/about-us,(850) 890-6449,"6704 Chipewa St, Panama City, FL 32404, USA",,,,296d2c51-483d-4679-9f0a-c2a77c1c0d07
1,wedding-planner-local,Wedding Planners — 30A / Emerald Coast,local,30a,Wedding Planner In Santa Rosa Beach,Santa Rosa Beach,FL,,,75,prospect,,(850) 258-0041,"2914 Chat Holley Rd, Santa Rosa Beach, FL 32459, USA",,,,b18adc8d-821d-4321-a036-13de0fef8358
3,photographer-family,Family / Vacation Photographers,local,30a,JDCPhoto,Miramar Beach,FL,5,553,75,prospect,http://www.jdcphoto.com/,(214) 914-9160,"125 Azure Pl, Miramar Beach, FL 32550, USA",,,family,1160e5f4-7b25-49e0-b220-09f2adcbbbe7
3,photographer-family,Family / Vacation Photographers,local,30a,Beach Shutters Photography,Orange Beach,AL,5,284,75,prospect,https://www.beachshuttersphotography.com/,(251) 228-0172,"25122 Perdido Beach Blvd #6, Orange Beach, AL 36561, USA",,,beach,e978034f-07b1-4f63-ba82-64b07390ccde
3,photographer-family,Family / Vacation Photographers,local,30a,Ella Arentz Photography,Panama City Beach,FL,5,233,75,prospect,https://ellaarentzphotography.com/,(850) 358-0096,"233 Villa Bay Dr, Panama City Beach, FL 32407, USA",,,beach,792fe959-1f13-4fb7-b754-213f0fc46f45
3,photographer-family,Family / Vacation Photographers,local,30a,Jamie Rich Photography,Santa Rosa Beach,FL,5,188,75,prospect,http://www.jamierichphotography.com/,(850) 460-4344,"24555 US-331, Santa Rosa Beach, FL 32459, USA",,,family,ccbeddd0-397c-4637-8f0a-817d3fecc0c2
3,photographer-family,Family / Vacation Photographers,local,30a,Beach Bum Photography,Panama City Beach,FL,4.9,187,75,prospect,https://pcbbeachbum.com/,(850) 610-6688,"21416 Marlin Ave, Panama City Beach, FL 32413, USA",,,beach,30b8de10-7467-47be-8343-089f760d5a7f
3,photographer-family,Family / Vacation Photographers,local,30a,Modus Photography,Santa Rosa Beach,FL,5,165,75,prospect,https://www.modusphotography.com/,(850) 714-7997,"37 Logan Ln suite 3, Santa Rosa Beach, FL 32459, USA",,,beach,72bf2abf-b5f5-4c79-b487-d14a9ac2ec06
3,photographer-family,Family / Vacation Photographers,local,30a,McCain's Creations Photography LLC,Destin,FL,5,157,75,prospect,http://www.mccainscreations.com/,(859) 866-3822,"315 Juniper St, Destin, FL 32541, USA",,,family,a0e600b4-bfc6-44a9-8ce0-2e2b0528dfde
3,photographer-family,Family / Vacation Photographers,local,30a,30A Photographer by Pure7 Studios,Santa Rosa Beach,FL,5,137,75,prospect,https://pure7studios.com/?utm_source=GMB&utm_medium=organic&utm_campaign=office,(850) 654-6523,"5417 E County Hwy 30A STE 317, Santa Rosa Beach, FL 32459, USA",,,family,9246f778-76de-4480-83be-77ba696e1922
3,photographer-family,Family / Vacation Photographers,local,30a,Vacation Beach Portraits Orange Beach,Orange Beach,AL,4.9,133,75,prospect,https://vacationbeachportraits.com/,(251) 980-6657,"27267 Perdido Beach Blvd b204, Orange Beach, AL 36561, USA",,,vacation,74d81841-8aa2-4961-b130-15e942888d97
3,photographer-family,Family / Vacation Photographers,local,30a,Randi Doris Photography,Rosemary Beach,FL,5,124,75,prospect,http://www.randidorisphotography.com/,,"Main St, Inlet Beach, FL 32461, USA",,,family,a52b698a-def3-43e3-b775-a0b26e802834
3,photographer-family,Family / Vacation Photographers,local,30a,Micha Everett Photography,Destin,FL,5,104,75,prospect,http://www.michaeverettphotography.com/,(850) 284-0008,"1006 US-98, Destin, FL 32541, USA",,,vacation,0de23f7f-66d8-49d9-87f2-c5ee09b7890f
3,photographer-family,Family / Vacation Photographers,local,30a,Bri Photography,Santa Rosa Beach,FL,5,100,75,prospect,http://bri-photography.com/,(850) 585-5713,"103 Royal Palm Blvd, Santa Rosa Beach, FL 32459, USA",,,family,1af6d11c-956a-40fc-85df-2f4be2dc16e4
3,photographer-family,Family / Vacation Photographers,local,30a,Desiree Gardner Photography,Panama City Beach,FL,5,85,75,prospect,http://www.desireegardner.com/,(850) 524-0061,"2607 Beech St, Panama City Beach, FL 32408, USA",,,family,891e92ef-10c6-48e8-8936-67e315c2ffb9
3,photographer-family,Family / Vacation Photographers,local,30a,Chelsie Brown Photography,Santa Rosa Beach,FL,4.9,78,75,prospect,https://chelsiebrownphotography.com/,(606) 233-2763,"Highway 30a, Santa Rosa Beach, FL 32459, USA",,,family,3df1597d-eb44-49cc-ad96-7900c90f6b47
3,photographer-family,Family / Vacation Photographers,local,30a,Ti Adoro Studios,Rosemary Beach,FL,4.9,76,75,prospect,https://ti-adoro.photos/,(850) 778-5370,"28 Main St #611175, Inlet Beach, FL 32461, USA",,,vacation,d2556c69-4073-4a79-8cf5-8966f0ae8c7c
3,photographer-family,Family / Vacation Photographers,local,30a,Sarah Lynn Photography- Destin Florida,Freeport,FL,5,75,75,prospect,http://www.photographybysarahlynn.com/,(801) 857-5148,"380 Blaze Blvd, Freeport, FL 32439, USA",,,vacation,a546aaa3-7148-473b-a28c-55f78a2b2137
3,photographer-family,Family / Vacation Photographers,local,30a,Nicole Everson Photography,Santa Rosa Beach,FL,4.9,71,75,prospect,https://nicoleeversonphotography.com/santa-rosa-beach-florida-photographer/,(850) 486-6027,"327 S County Hwy 393 Suite 203B, Santa Rosa Beach, FL 32459, USA",,,family,6f561317-487d-4008-9f65-542bf7d5ec5a
3,photographer-family,Family / Vacation Photographers,local,30a,Amanda Eubank Photography,Destin,FL,4.9,63,75,prospect,https://www.amandaeubankphotography.com/,(850) 865-2900,"3 Indian Bayou Dr, Destin, FL 32541, USA",,,family,4e60bcc5-f33e-428d-986c-a7ebe32e3a14
3,photographer-family,Family / Vacation Photographers,local,30a,Shore Shooters Beach Photography,Miramar Beach,FL,5,58,75,prospect,https://shoreshooters.com/30a-photographers/,(866) 856-2435,"495 Grand Blvd #206, Miramar Beach, FL 32550, USA",,,family,69514c10-fab8-4ecb-9d24-637ef0500784
3,photographer-family,Family / Vacation Photographers,local,30a,Andrea Krey Photography,Niceville,FL,5,58,75,prospect,https://andreakrey.com/destin-family-photographer,(912) 604-8200,"23 Norwich Cir, Niceville, FL 32578, USA",,,family,7bfbf243-076b-4ece-8ca2-b79dd79fecfc
3,photographer-family,Family / Vacation Photographers,local,30a,"Pro Art Photo Video, Inc",Destin,FL,5,57,75,prospect,http://www.proartphotovideo.com/,(850) 737-4646,"4010 Dancing Cloud Ct, Destin, FL 32541, USA",,,beach,aaa36cc8-9faa-4bd9-897f-95e146bab49e
3,photographer-family,Family / Vacation Photographers,local,30a,Jessie Barksdale Photography,Santa Rosa Beach,FL,5,51,75,prospect,http://www.jessiebarksdale.com/,,"174 Watercolor Way, Santa Rosa Beach, FL 32459, USA",,,family,aedb48b0-58a2-4b64-81b9-c794015336a7
3,photographer-family,Family / Vacation Photographers,local,30a,Kyler and Kait Photography,Santa Rosa Beach,FL,5,50,75,prospect,https://kylerandkaitphotography.com/,(618) 201-9350,"89 Palmview Ln, Santa Rosa Beach, FL 32459, USA",,,family,32e3acf4-b08a-48fe-9569-88730df6d395
3,photographer-family,Family / Vacation Photographers,local,30a,Erica Lambert Photography,Santa Rosa Beach,FL,4.8,50,75,prospect,http://ericalambertphotography.com/,(850) 919-5991,"2052 W County Hwy 30A Suite 205, Santa Rosa Beach, FL 32459, USA",,,family,cd93a129-5c45-4df1-a1d0-3eff161eeee7
3,photographer-family,Family / Vacation Photographers,local,30a,Modernmade Photography,Alys Beach,FL,5,45,75,prospect,http://www.modernmadephotography.com/,(850) 332-3791,"12805 US-98 APT B204, Alys Beach, FL 32461, USA",,,vacation,f43156b4-62c7-45ad-aad4-7bd0978992a5
3,photographer-family,Family / Vacation Photographers,local,30a,Ashley Nichole Photography,Santa Rosa Beach,FL,4.9,44,75,prospect,http://www.ashleynicholephoto.com/,(850) 687-1977,"20 N Wildflower Dr, Santa Rosa Beach, FL 32459, USA",,,family,e10fac75-b3ba-4214-9389-0ba35893f6a6
3,photographer-family,Family / Vacation Photographers,local,30a,Whitney Port Photography,Mary Esther,FL,5,39,75,prospect,http://www.whitneyportphotography.com/,(850) 217-9562,"224 Elliott Rd, Mary Esther, FL 32569, USA",,,family,7b44ff41-2b78-4bd5-a39a-f070f50cd810
3,photographer-family,Family / Vacation Photographers,local,30a,Brietyn Park Photo,Santa Rosa Beach,FL,5,37,75,prospect,https://www.brietynparkphoto.com/,(251) 644-0861,"128 Saltaire Blvd Apt 3112, Santa Rosa Beach, FL 32459, USA",,,vacation,5527adce-1176-428a-8e23-39abb6363c46
3,photographer-family,Family / Vacation Photographers,local,30a,Jenna Kaye Photography,Santa Rosa Beach,FL,5,32,75,prospect,http://www.jennakayephotography.com/,(502) 689-1005,"25 Initial Ln, Santa Rosa Beach, FL 32459, USA",,,family,37fa348a-a313-4287-af78-f0c070a3f774
3,photographer-family,Family / Vacation Photographers,local,30a,Nicole Everson Photography,Tallahassee,FL,5,32,75,prospect,https://nicoleeversonphotography.com/locations/tallahassee-florida-photographer/,(850) 486-6027,"259 E 7th Ave, Tallahassee, FL 32303, USA",,,family,ae123dd7-4cd1-43d5-9413-ca2bce309367
3,photographer-family,Family / Vacation Photographers,local,30a,Golden Days Family Photography,Panama City Beach,FL,4.9,31,75,prospect,https://goldendaysphotoco.com/,(850) 801-8323,"606 Lake Powell Dr, Panama City Beach, FL 32413, USA",,,family,15753cc6-b6e8-41b6-9d65-2a7e923b8a83
3,photographer-family,Family / Vacation Photographers,local,30a,Kaylie B. Poplin Photography,Santa Rosa Beach,FL,5,30,75,prospect,http://www.kayliebpoplin.com/,(850) 974-3456,"4788 US-98 B, Santa Rosa Beach, FL 32459, USA",,,family,9b70ecc9-b6f4-4434-88b6-4b7661f9d8f6
3,photographer-family,Family / Vacation Photographers,local,30a,Beach Portraits by Design,Miramar Beach,FL,4.7,28,75,prospect,http://www.beachportraitsbydesign.com/,(850) 687-0198,"100 Seascape Dr, Miramar Beach, FL 32550, USA",,,family,6e475af1-d89c-478e-931a-9eb997195f88
3,photographer-family,Family / Vacation Photographers,local,30a,Kansas Pitts Photography & Design Studio,Santa Rosa Beach,FL,5,27,75,prospect,,(850) 387-6016,"86 River Cir, Santa Rosa Beach, FL 32459, USA",,,vacation,68852c3d-d505-423e-a806-55fbe185db20
3,photographer-family,Family / Vacation Photographers,local,30a,Destin Photographers,Destin,FL,5,27,75,prospect,https://destinphotographers.com/,(850) 459-7751,"3695 Scenic Hwy 98, Destin, FL 32541, USA",,,family,ab5fe3b3-be4a-42dd-a0f7-2387ebe64d9f
3,photographer-family,Family / Vacation Photographers,local,30a,Frost Jones - photography,Destin,FL,5,19,75,prospect,http://frostjonesphotography.com/,(850) 502-1520,"725 Gulf Shore Dr, Destin, FL 32541, USA",,,family,991ce0e8-4d80-4328-abd8-3b232c16f9a5
3,photographer-family,Family / Vacation Photographers,local,30a,Mari Darr~Welch: Modern Photojournalist,Fort Walton Beach,FL,4.7,15,75,prospect,http://www.destinweddingphotographer.com/,(850) 699-3403,"252 Beachview Dr NE, Fort Walton Beach, FL 32547, USA",,,family,3b17afb2-5e41-4f03-a869-13a5f53c0006
3,photographer-family,Family / Vacation Photographers,local,30a,Seagrove Studios,SANTA RSA BCH,FL,5,12,75,prospect,https://www.seagrovestudios.com/,(850) 468-4944,"5417 E County Hwy 30A Suite 305, SANTA RSA BCH, FL 32459, USA",,,family,f145b1df-9a91-4835-ab42-94708b58ef1c
3,photographer-family,Family / Vacation Photographers,local,30a,Tina Smith Photography Studio,DeFuniak Springs,FL,4.7,12,75,prospect,https://www.smithstudiophotography.com/,(850) 307-8874,"293 Hidden Lakes Trail, Defuniak Springs, FL 32433, USA",,,family,3e881392-686d-4291-8b78-f4703b161cd3
3,photographer-family,Family / Vacation Photographers,local,30a,Jackie Wren Family Photographer,Santa Rosa Beach,FL,5,6,75,prospect,,(850) 608-1436,"5417 E County Hwy 30A Suite 325, Santa Rosa Beach, FL 32459, USA",,,family,ebb02d9f-a92b-4fcd-ae0e-aeccf2b4f8f3
3,photographer-family,Family / Vacation Photographers,local,30a,Emerald Coast Real Estate Photography,Destin,FL,5,6,75,prospect,http://www.emeraldcoastrealestatephotography.com/,(850) 776-3295,"1160 Airport Rd, Destin, FL 32541, USA",,,vacation,2a2c4459-7c67-4013-bee6-c40b430f4b35
3,photographer-family,Family / Vacation Photographers,local,30a,Jessica Pittman Photography,Santa Rosa Beach,FL,5,6,75,prospect,http://www.jessicapittmanphotography.com/,(719) 248-7929,"35 Melrose Ave, Santa Rosa Beach, FL 32459, USA",,,family,0f5106ad-4c0e-4b6d-9d5e-904aef307f14
3,photographer-family,Family / Vacation Photographers,local,30a,Candice K Photography,,FL,5,1,75,prospect,http://www.candicekphotography.com/,(850) 332-3791,"12805 US Highway 98 E, APT B204, Inlet Beach, FL 32461, USA",,,family,48f15fcb-97fa-4906-b7bf-ee15995b6b33
3,private-chef,Private Chefs / In-Home Catering,local,30a,Marrow Private Chefs,Santa Rosa Beach,FL,5,684,78,prospect,https://www.marrowprivatechefs.com/gbp,(850) 280-4319,"3906 US-98, Santa Rosa Beach, FL 32459, USA",,food,private chef,55a802a3-2a8b-4fef-a45e-44338f89741f
3,private-chef,Private Chefs / In-Home Catering,local,30a,Kenji hibachi catering,Freeport,FL,5,343,78,prospect,http://www.kenjihibachicatering.com/,(850) 496-1959,"Ts catch, Freeport, FL 32439, USA",,catering_service,private chef,54e127f8-25b5-484d-85df-715697852ddd
3,private-chef,Private Chefs / In-Home Catering,local,30a,Swiftly Catered,Santa Rosa Beach,FL,5,305,78,prospect,https://www.swiftlycatered.com/,(850) 972-0850,"90 Wrm Cir #10, Santa Rosa Beach, FL 32459, USA",,catering_service,private chef,e98c98a7-2b1a-4da2-84e9-34b84fd2da60
3,private-chef,Private Chefs / In-Home Catering,local,30a,Fine Dining Chefs,Blue Ridge,GA,4.9,231,78,prospect,http://www.finediningchefs.com/,(706) 363-0074,"5850 Appalachian Hwy #3, Blue Ridge, GA 30513, USA",,catering_service,private chef,81030416-fbca-4dee-9a1c-90260633c14c
3,private-chef,Private Chefs / In-Home Catering,local,30a,30a Vacation Chef / Private Chef 30a,Panama City Beach,FL,4.9,120,78,prospect,http://30avacationchef.com/,(850) 305-0624,"Inlet Beach Dr, Panama City Beach, FL 32413, USA",,food,private chef,4a99953f-7e04-4e16-b55b-7de915ff468b
3,private-chef,Private Chefs / In-Home Catering,local,30a,A Touch of Banks LLC Private Chef,Destin,FL,5,114,78,prospect,http://www.chefbanks.com/,(404) 735-5763,"4000 Dancing Cloud Ct, Destin, FL 32541, USA",,catering_service,private chef,f13b16ee-94f3-47cb-97c4-1673343cd551
3,private-chef,Private Chefs / In-Home Catering,local,30a,The Chef's Table Private Chef and Catering,Miramar Beach,FL,4.8,113,78,prospect,,(310) 944-1929,"9375 US-98 W, Miramar Beach, FL 32550, USA",,restaurant,private chef,ca01f336-27be-4ae5-8e8d-1f944a785ef7
3,private-chef,Private Chefs / In-Home Catering,local,30a,Blue Magnolia Catering 30A,Santa Rosa Beach,FL,5,68,78,prospect,http://www.bluemagnoliacatering.com/,(850) 502-7406,"116 Mc Davis Loop, Santa Rosa Beach, FL 32459, USA",,catering_service,private chef,8e4c7ea2-f0d1-4b93-8c36-b896731a5648
3,private-chef,Private Chefs / In-Home Catering,local,30a,Artistic Catering Destin,Destin,FL,4.9,50,78,prospect,http://www.artisticcateringdestin.com/,(850) 685-1343,"20001 Emerald Coast Pkwy, Destin, FL 32541, USA",,catering_service,private chef,32a683cc-ed06-4572-a396-448596c900d0
3,private-chef,Private Chefs / In-Home Catering,local,30a,Your Table! Your Chef!,Port St. Joe,FL,5,34,78,prospect,https://www.yourtableyourchef.com/,(850) 329-0544,"112 Stone Dr, Port St Joe, FL 32456, USA",,catering_service,private chef,37dec6c8-6738-43a2-9fdc-0bcc0ea17bf1
3,private-chef,Private Chefs / In-Home Catering,local,30a,Sharps Catering,Santa Rosa Beach,FL,4.8,30,78,prospect,http://sharpscatering.com/,(850) 613-1160,"605 N County Hwy 393 STE A7, Santa Rosa Beach, FL 32459, USA",,catering_service,personal chef,0166fe26-23e1-43b2-8d09-b0c2883001da
3,private-chef,Private Chefs / In-Home Catering,local,30a,Signature Catering of 30a,Santa Rosa Beach,FL,4.6,11,78,prospect,http://www.signaturecatering30a.com/,(850) 428-2624,"494 W Point Washington Rd, Santa Rosa Beach, FL 32459, USA",,catering_service,in-home chef,dfccfa44-2e02-43e8-a318-af8856f50e92
3,private-chef,Private Chefs / In-Home Catering,local,30a,Chef Shane's Catering & Private Chef Service,Miramar Beach,FL,5,1,78,prospect,,(850) 225-8500,"12590 US Highway 98 West, 12590 Emerald Coast Pkwy W, Miramar Beach, FL 32550, USA",,food,private chef,83b648f4-aeb2-48fa-a3fa-cea312c9b59a
3,private-chef,Private Chefs / In-Home Catering,local,30a,The Chef's Table Private Chef and Catering,Santa Rosa Beach,FL,,,78,prospect,http://www.chefsbistro30a.com/,(310) 944-1929,"56 Spires Ln # 17A, Santa Rosa Beach, FL 32459, USA",,catering_service,private chef,41449317-eb57-4537-8d0b-fec5efe65fac
